,Price,Age,KM,FuelType,HP,MetColor,Automatic,CC,Doors,Weight,sold_within_3_months
0,13500,23,46986,Diesel,90,1,0,2000,3,1165,0
1,13750,23,72937,Diesel,90,1,0,2000,3,1165,0
2,13950,24,41711,Diesel,90,1,0,2000,3,1165,0
3,14950,26,48000,Diesel,90,0,0,2000,3,1165,0
4,13750,30,38500,Diesel,90,0,0,2000,3,1170,0
5,12950,32,61000,Diesel,90,0,0,2000,3,1170,0
6,16900,27,94612,Diesel,90,1,0,2000,3,1245,0
7,18600,30,75889,Diesel,90,1,0,2000,3,1245,0
8,21500,27,19700,Petrol,192,0,0,1800,3,1185,0
9,12950,23,71138,Diesel,69,0,0,1900,3,1105,0
10,20950,25,31461,Petrol,192,0,0,1800,3,1185,0
11,19950,22,43610,Petrol,192,0,0,1800,3,1185,0
12,19600,25,32189,Petrol,192,0,0,1800,3,1185,0
13,21500,31,23000,Petrol,192,1,0,1800,3,1185,0
14,22500,32,34131,Petrol,192,1,0,1800,3,1185,0
15,22000,28,18739,Petrol,192,0,0,1800,3,1185,0
16,22750,30,34000,Petrol,192,1,0,1800,3,1185,0
17,17950,24,21716,Petrol,110,1,0,1600,3,1105,0
18,16750,24,25563,Petrol,110,0,0,1600,3,1065,0
19,16950,30,64359,Petrol,110,1,0,1600,3,1105,0
20,15950,30,67660,Petrol,110,1,0,1600,3,1105,0
21,16950,29,43905,Petrol,110,0,1,1600,3,1170,0
22,15950,28,56349,Petrol,110,1,0,1600,3,1120,0
23,16950,28,32220,Petrol,110,1,0,1600,3,1120,0
24,16250,29,25813,Petrol,110,1,0,1600,3,1120,0
25,15950,25,28450,Petrol,110,1,0,1600,3,1120,0
26,17495,27,34545,Petrol,110,1,0,1600,3,1120,0
27,15750,29,41415,Petrol,110,1,0,1600,3,1120,0
28,16950,28,44142,Petrol,110,0,0,1600,3,1120,0
29,17950,30,11090,Petrol,110,1,0,1600,3,1120,0
30,12950,29,9750,Petrol,97,1,0,1400,3,1100,0
31,15750,22,35199,Petrol,97,1,0,1400,3,1100,0
32,15950,27,29510,Petrol,97,1,0,1400,3,1100,0
33,14950,26,32692,Petrol,97,1,0,1400,3,1100,0
34,15500,22,41000,Petrol,97,1,0,1400,3,1100,0
35,15750,26,43000,Petrol,97,0,0,1400,3,1100,0
36,15950,25,25000,Petrol,97,0,0,1400,3,1100,0
37,14950,23,10000,Petrol,97,1,0,1400,3,1100,0
38,15750,32,25329,Petrol,97,1,0,1400,3,1100,0
39,14750,27,27500,Petrol,97,0,0,1400,3,1100,0
40,13950,22,49059,Petrol,97,0,0,1400,3,1100,0
41,16750,27,44068,Petrol,97,1,0,1400,3,1100,0
42,13950,22,46961,Petrol,97,0,0,1400,3,1100,0
43,16950,27,110404,Diesel,90,0,0,2000,5,1255,0
44,16950,22,100250,Diesel,90,0,0,2000,5,1255,0
45,19000,23,84000,Diesel,90,0,0,2000,5,1270,0
46,17950,27,79375,Diesel,90,1,0,2000,5,1255,0
47,15800,22,75048,Petrol,97,1,0,1400,5,1110,0
48,17950,22,72215,Diesel,90,1,0,2000,5,1255,0
49,21950,31,64982,Petrol,192,1,0,1800,5,1195,0
50,17950,22,62636,Diesel,90,1,0,2000,5,1255,0
51,15750,30,57086,Petrol,97,1,0,1400,5,1110,0
52,20500,26,56000,Petrol,110,1,1,1600,5,1180,0
53,21950,27,49866,Petrol,192,1,0,1800,5,1195,0
54,15500,25,49163,Petrol,110,0,1,1600,5,1165,0
55,13250,32,45725,Petrol,110,1,0,1600,5,1075,0
56,15250,28,43210,Petrol,97,0,0,1400,5,1110,0
57,15250,26,43000,Petrol,97,0,0,1400,5,1110,0
58,18950,23,39704,Petrol,110,1,1,1600,5,1180,0
59,15999,30,38950,Petrol,110,1,0,1600,5,1130,0
60,14950,22,37400,Petrol,97,1,0,1400,5,1110,0
61,16500,27,37177,Petrol,110,0,0,1600,5,1130,0
62,18750,31,36544,Petrol,110,1,0,1600,5,1130,0
63,17950,30,33511,Petrol,110,1,0,1600,5,1130,0
64,17950,27,32809,Petrol,97,1,0,1400,5,1110,0
65,16950,26,32181,Petrol,110,1,0,1600,5,1075,0
66,18950,28,30993,Petrol,110,1,0,1600,5,1130,0
67,14950,22,30400,Petrol,97,1,0,1400,5,1110,0
68,22250,22,30000,Diesel,110,1,0,2000,5,1275,0
69,15950,25,29719,Petrol,97,1,0,1400,5,1110,0
70,15950,28,29206,Petrol,97,1,0,1400,5,1110,0
71,12995,32,29198,Petrol,97,1,0,1400,5,1060,0
72,18950,28,28817,Petrol,110,1,0,1598,5,1130,0
73,15750,23,28227,Petrol,97,1,0,1400,5,1110,0
74,19950,28,28000,Petrol,110,0,0,1600,5,1130,0
75,16950,23,28000,Petrol,110,1,0,1600,5,1115,0
76,18750,31,25266,Petrol,110,1,0,1600,5,1130,0
77,18450,27,23489,Petrol,110,0,0,1600,5,1115,0
78,16895,29,22575,Petrol,110,1,0,1600,5,1115,0
79,14900,30,22000,Petrol,97,1,0,1400,5,1110,0
80,18950,25,20019,Petrol,110,1,1,1600,5,1180,0
81,17250,29,20000,Petrol,110,1,0,1600,5,1115,0
82,15450,25,17003,Petrol,97,1,0,1400,5,1110,0
83,17950,31,16238,Petrol,110,1,1,1600,5,1180,0
84,16650,25,15414,Petrol,97,1,0,1400,5,1110,0
85,17450,28,8537,Petrol,110,1,0,1600,5,1130,0
86,14900,30,7000,Petrol,97,1,0,1400,5,1100,0
87,17950,20,66966,Diesel,90,1,0,2000,3,1245,0
88,15950,19,51884,Petrol,97,1,0,1400,3,1100,0
89,21950,19,50005,Diesel,110,1,0,2000,3,1265,0
90,16450,20,48110,Petrol,97,1,0,1400,3,1100,0
91,22250,20,37500,Diesel,90,1,0,2000,3,1260,0
92,19950,16,34472,Diesel,90,1,0,1995,3,1260,0
93,15950,20,33329,Petrol,97,1,0,1400,3,1100,0
94,18900,20,31850,Petrol,110,0,0,1600,3,1120,0
95,19950,17,30351,Diesel,90,1,0,1995,3,1260,0
96,15950,19,29435,Petrol,97,1,0,1400,3,1100,0
97,15950,19,25948,Petrol,97,1,0,1400,3,1100,0
98,18750,11,24500,Petrol,110,1,0,1600,3,1120,0
99,17450,18,23902,Petrol,97,1,0,1400,3,1100,0
100,18990,20,23175,Petrol,110,1,0,1600,3,1120,0
101,16250,19,19200,Petrol,97,1,0,1400,3,1100,0
102,18500,13,18000,Petrol,71,0,0,1400,3,1125,0
103,18500,11,16123,Petrol,110,1,0,1600,3,1105,0
104,19450,11,14635,Petrol,110,1,1,1600,3,1155,0
105,16950,19,13748,Petrol,97,1,0,1400,3,1100,0
106,18800,14,11500,Petrol,110,1,0,1600,3,1045,0
107,17450,17,10000,Petrol,97,1,0,1400,3,1100,0
108,17950,20,7187,Petrol,110,1,0,1600,3,1105,0
109,32500,4,1,Diesel,116,0,0,2000,5,1480,0
110,31000,4,4000,Diesel,116,1,0,2000,5,1480,0
111,31275,4,1500,Diesel,116,1,0,2000,5,1480,0
112,24950,8,13253,Diesel,116,1,0,2000,5,1320,0
113,24950,8,13253,Diesel,116,1,0,2000,5,1320,0
114,22950,7,10000,Diesel,116,1,0,2000,5,1270,0
115,24990,8,6000,Diesel,90,1,0,2000,5,1280,0
116,21950,8,10841,Diesel,90,1,0,2000,5,1270,0
117,17900,7,1,Petrol,110,1,0,1600,3,1105,0
118,19250,20,63000,Diesel,90,1,0,2000,5,1255,0
119,22250,17,57313,Diesel,110,1,0,2000,5,1275,0
120,18950,13,57037,Petrol,110,0,0,1600,5,1115,0
121,19950,19,51099,Diesel,90,1,0,2000,5,1255,0
122,16350,14,40010,Petrol,110,1,0,1600,5,1115,0
123,18950,20,39115,Petrol,110,1,0,1600,5,1130,0
124,16950,17,36012,Petrol,110,0,0,1600,5,1130,0
125,21750,16,36000,Petrol,110,1,0,1600,5,1130,0
126,15950,20,36000,Petrol,110,1,0,1600,5,1075,0
127,16500,20,35000,Petrol,97,1,0,1400,5,1110,0
128,17950,17,33740,Petrol,97,1,0,1400,5,1135,0
129,15850,13,33477,Petrol,110,1,0,1600,5,1075,0
130,16250,20,32627,Petrol,97,1,0,1400,5,1110,0
131,15950,20,29797,Petrol,97,1,0,1400,5,1110,0
132,16250,19,29441,Petrol,97,1,0,1400,5,1110,0
133,15950,13,29371,Petrol,110,1,0,1600,4,1105,0
134,16500,20,29000,Petrol,97,0,0,1400,5,1110,0
135,16500,19,27821,Petrol,97,0,0,1400,5,1110,0
136,18450,19,27371,Petrol,97,0,0,1400,5,1135,0
137,16250,13,25170,Petrol,110,1,0,1600,5,1105,0
138,23000,11,25000,Diesel,116,1,0,2000,5,1320,0
139,19900,20,23000,Petrol,110,1,0,1600,5,1130,0
140,16450,20,22588,Petrol,97,1,0,1400,5,1110,0
141,23950,19,21684,Petrol,192,1,0,1800,5,1185,0
142,19950,13,21428,Petrol,110,1,0,1600,5,1130,0
143,18500,16,20629,Petrol,110,1,0,1600,4,1090,0
144,18950,15,20270,Petrol,110,1,0,1600,5,1130,0
145,16450,16,20105,Petrol,97,0,0,1400,5,1110,0
146,20500,20,20000,Petrol,110,0,1,1600,5,1165,0
147,24500,13,19988,Petrol,110,1,0,1600,5,1130,0
148,19450,19,18328,Petrol,110,0,0,1600,5,1130,0
149,20950,14,17896,Petrol,110,1,1,1600,4,1150,0
150,17200,20,17300,Petrol,97,1,0,1400,5,1110,0
151,19950,19,17038,Petrol,110,0,0,1600,5,1130,0
152,18450,10,13747,Petrol,97,1,0,1400,5,1110,0
153,19500,12,13634,Petrol,110,1,0,1600,5,1115,0
154,21750,13,13178,Petrol,110,1,0,1600,5,1130,0
155,16868,15,13157,Petrol,97,1,0,1400,4,1085,0
156,19500,16,13000,Petrol,110,1,0,1600,4,1105,0
157,18900,11,12500,Petrol,110,1,0,1600,5,1115,0
158,19750,17,11999,Petrol,110,1,0,1600,5,1130,0
159,19750,16,11754,Petrol,110,0,1,1600,5,1180,0
160,18950,16,11000,Petrol,110,1,0,1600,4,1105,0
161,20750,17,10000,Petrol,110,0,0,1598,5,1105,0
162,19600,9,7650,Petrol,110,1,0,1600,5,1115,0
163,19500,14,6500,Petrol,110,1,0,1600,4,1100,0
164,17650,11,6155,Petrol,97,1,0,1400,5,1110,0
165,19950,14,6000,Petrol,110,0,0,1600,5,1130,0
166,19950,14,5459,Petrol,110,1,0,1600,5,1130,0
167,20950,14,5278,Petrol,110,1,1,1600,4,1150,0
168,20500,12,5000,Petrol,110,1,0,1600,5,1130,0
169,17795,9,1,Petrol,98,1,0,1400,4,1065,0
170,18245,9,1,Petrol,110,1,0,1600,5,1075,0
171,23750,8,11000,Petrol,110,1,0,1600,5,1130,0
172,19500,8,10077,Petrol,97,1,0,1400,5,1110,0
173,18950,8,10000,Petrol,97,1,0,1400,5,1110,0
174,21950,8,9788,Petrol,110,1,0,1600,5,1130,0
175,19950,8,8574,Petrol,110,1,0,1600,5,1130,0
176,18950,8,7000,Petrol,110,0,0,1600,5,1115,0
177,19950,7,6250,Petrol,110,1,0,1600,5,1115,0
178,21950,8,5000,Petrol,110,1,0,1600,5,1130,0
179,22500,6,3000,Petrol,110,0,0,1600,5,1130,0
180,18500,7,2000,Petrol,110,0,0,1600,5,1075,0
181,18700,7,450,Petrol,97,1,0,1400,5,1110,0
182,21125,2,225,Petrol,97,1,0,1400,5,1110,0
183,21500,2,15,Petrol,110,1,0,1600,5,1130,0
184,17795,1,1,Petrol,98,1,0,1400,4,1100,0
185,18245,1,1,Petrol,110,1,0,1600,5,1075,0
186,6950,43,243000,Diesel,69,0,0,1900,3,1110,1
187,9500,38,180638,Diesel,90,0,0,2000,4,1160,1
188,11950,40,179860,Diesel,90,1,0,2000,5,1205,0
189,7750,43,178858,CNG,110,0,0,1600,3,1084,1
190,11950,40,161000,Diesel,69,1,0,1900,3,1105,0
191,4350,44,158320,Diesel,69,0,0,1800,5,1110,1
192,4750,44,131273,Diesel,69,1,0,1800,5,1110,1
193,11750,40,130062,Diesel,69,1,0,1900,5,1140,0
194,13250,41,123425,Diesel,69,1,0,1900,5,1140,0
195,11950,37,118217,Petrol,110,1,0,1600,5,1075,0
196,11900,44,110000,Diesel,69,1,0,1900,5,1095,0
197,14750,39,108847,Diesel,90,1,0,2000,5,1205,0
198,9950,42,105699,Petrol,97,1,0,1400,3,1025,1
199,11950,39,98823,CNG,110,1,0,1600,5,1119,0
200,11495,44,96829,Petrol,110,1,0,1600,5,1075,0
201,11250,40,96518,Petrol,97,1,0,1400,3,1025,0
202,10500,42,92204,Petrol,110,1,0,1600,5,1075,1
203,10450,35,91456,Diesel,69,1,0,1900,3,1110,1
204,12950,43,89968,Diesel,69,1,0,1900,5,1140,0
205,11500,44,89757,Petrol,110,1,0,1600,3,1045,0
206,12500,40,85389,Petrol,110,1,0,1600,5,1075,1
207,10950,43,85017,Petrol,97,0,0,1400,5,1060,0
208,11450,41,84312,Petrol,110,0,0,1600,5,1080,0
209,11950,37,82743,CNG,110,1,0,1600,5,1121,0
210,13250,41,81106,Diesel,69,1,0,1900,5,1140,0
211,14750,40,80425,Diesel,90,1,0,2000,5,1205,0
212,11790,34,78677,Petrol,110,1,1,1600,5,1105,0
213,11450,40,78425,Petrol,110,1,0,1600,5,1075,0
214,13500,33,78108,Diesel,90,1,0,2000,3,1170,0
215,10950,33,77321,Petrol,110,1,0,1600,5,1075,1
216,13500,33,75699,Diesel,69,0,0,1900,3,1105,0
217,10950,41,75697,Petrol,97,1,0,1400,3,1025,0
218,10950,44,74846,Petrol,97,1,0,1400,3,1025,0
219,12950,38,74319,Petrol,110,1,0,1600,5,1075,0
220,11950,43,74285,Petrol,110,1,0,1600,5,1075,0
221,12450,44,74172,Petrol,110,1,0,1600,5,1615,0
222,11950,40,73042,Petrol,110,1,0,1598,5,1075,0
223,14950,44,71793,CNG,110,1,0,1600,4,1067,0
224,12450,35,71200,Petrol,110,1,0,1600,5,1075,0
225,12950,38,67805,Petrol,110,1,0,1600,5,1075,0
226,11950,35,65988,Petrol,110,1,0,1600,3,1040,0
227,11690,34,65345,Petrol,97,1,0,1400,5,1060,0
228,12450,42,64564,Petrol,110,1,0,1600,5,1080,0
229,12750,36,63459,Petrol,97,1,0,1400,5,1060,0
230,11925,44,63451,Petrol,97,0,0,1400,3,1025,0
231,12950,33,62000,Petrol,110,1,0,1600,5,1075,0
232,11950,42,61300,Petrol,97,1,0,1400,3,1030,0
233,12900,41,61200,Petrol,110,1,0,1600,3,1045,0
234,11900,41,61000,Petrol,110,0,0,1600,5,1075,0
235,11650,38,60829,Petrol,110,1,0,1600,5,1075,0
236,10950,44,60500,Petrol,110,0,0,1600,5,1075,0
237,13950,35,59500,Diesel,69,1,0,1900,3,1110,0
238,13950,44,59000,Petrol,110,0,1,1600,5,1110,0
239,11950,40,58954,Petrol,110,1,0,1600,5,1080,0
240,10950,38,58798,Petrol,110,1,0,1600,5,1075,0
241,12450,38,58363,Petrol,110,1,0,1600,3,1055,0
242,11950,43,58277,Petrol,110,1,0,1600,3,1045,0
243,13500,33,57711,Diesel,90,1,0,2000,3,1165,0
244,11690,33,57269,Petrol,110,1,0,1600,5,1075,0
245,13500,39,56001,Petrol,110,1,0,1600,5,1075,0
246,11950,42,55968,Petrol,110,0,0,1600,3,1050,0
247,12900,39,55678,Petrol,110,1,0,1600,4,1030,0
248,13500,43,55539,Petrol,110,1,0,1600,5,1085,0
249,11750,42,55400,Petrol,110,0,0,1600,5,1075,0
250,11750,33,55350,Petrol,110,0,0,1600,5,1075,0
251,10850,43,54600,Petrol,110,0,0,1600,4,1030,0
252,11750,43,53773,Petrol,110,1,0,1600,5,1075,0
253,14950,42,53719,Petrol,110,1,1,1600,5,1105,0
254,9940,39,53644,Petrol,110,1,0,1600,5,1075,0
255,12900,42,53350,Petrol,110,0,0,1600,5,1075,0
256,13500,38,53000,Petrol,110,1,0,1600,5,1075,0
257,11750,44,52084,Petrol,97,1,0,1400,3,1025,0
258,11950,44,52000,Petrol,97,0,0,1400,3,1025,0
259,13450,33,51945,Petrol,110,1,0,1600,5,1075,0
260,11950,41,51732,Petrol,97,1,0,1400,3,1025,0
261,12495,39,50873,Petrol,110,1,0,1600,5,1075,0
262,13500,41,50856,Petrol,110,0,0,1600,4,1030,0
263,12750,40,50640,Petrol,110,1,0,1600,5,1075,0
264,12000,39,50000,Petrol,97,1,0,1400,5,1060,0
265,11950,38,49500,Petrol,110,1,0,1600,5,1075,0
266,12495,44,49332,Petrol,110,1,0,1600,5,1080,0
267,12450,34,49291,Petrol,110,1,0,1600,3,1040,0
268,14750,40,48952,Diesel,90,1,0,2000,5,1205,0
269,10950,39,48945,Petrol,110,0,0,1600,3,1040,0
270,13500,33,48928,Diesel,69,1,0,1900,3,1105,0
271,12950,38,48197,Petrol,110,1,0,1600,5,1075,0
272,13500,35,48052,Diesel,69,1,0,1900,3,1105,0
273,13450,34,48011,Petrol,110,1,0,1600,4,1030,0
274,13500,43,48000,Petrol,110,1,0,1600,5,1075,0
275,11480,41,47350,Petrol,110,1,0,1600,5,1075,0
276,13450,39,46821,Petrol,97,1,0,1400,5,1060,0
277,11495,39,46694,Petrol,110,0,0,1600,3,1040,0
278,12750,43,46515,Petrol,97,0,0,1400,5,1025,0
279,14990,38,46327,Petrol,110,1,0,1600,3,1055,0
280,12950,35,46304,Petrol,97,1,0,1400,5,1060,0
281,12950,40,45886,Petrol,110,1,0,1600,5,1080,0
282,12850,39,45713,Petrol,97,1,0,1400,5,1085,0
283,13950,40,45600,Petrol,110,1,1,1600,5,1105,0
284,11950,41,45287,Petrol,110,1,0,1600,5,1075,0
285,12950,39,45081,Petrol,110,1,0,1600,5,1075,0
286,11700,40,44830,Petrol,110,1,0,1600,5,1075,1
287,9950,37,44757,Petrol,97,0,0,1400,3,1025,1
288,11895,44,44218,Petrol,97,1,0,1400,5,1060,1
289,12950,43,43632,Petrol,110,1,0,1600,5,1075,0
290,12500,36,43427,Petrol,110,1,0,1600,3,1040,0
291,13875,39,43254,Petrol,110,1,0,1600,5,1075,0
292,10500,35,43000,Petrol,110,0,0,1600,3,1050,1
293,12295,33,42823,Petrol,110,1,0,1600,5,1075,0
294,13950,42,42560,Petrol,110,1,0,1600,5,1080,0
295,10950,38,41754,Petrol,110,0,0,1600,3,1040,0
296,12950,44,41499,CNG,110,1,0,1600,5,1103,0
297,12850,40,41339,Petrol,110,1,0,1600,5,1080,0
298,13995,35,41000,Petrol,110,1,0,1600,5,1075,0
299,13750,39,40000,Petrol,110,1,0,1600,3,1055,0
300,12750,37,39757,Petrol,110,1,0,1600,5,1075,0
301,12500,41,39659,Petrol,110,1,0,1600,3,1045,0
302,13950,43,39650,Petrol,110,0,0,1600,3,1055,0
303,11500,39,39524,Petrol,97,1,0,1398,3,1025,0
304,13950,44,39516,Petrol,97,1,0,1400,5,1060,0
305,11895,41,39439,Petrol,97,0,0,1400,5,1060,0
306,9950,44,39000,Petrol,97,1,0,1400,3,1025,1
307,13500,42,38932,Petrol,110,1,0,1600,3,1040,0
308,11450,37,38812,Petrol,97,0,0,1400,3,1025,0
309,12450,42,38665,Petrol,110,1,0,1600,5,1075,0
310,12950,40,38653,Petrol,110,1,0,1600,5,1080,0
311,13995,44,38461,Petrol,110,1,0,1600,5,1080,0
312,11750,42,38078,Petrol,97,0,0,1400,3,1025,0
313,11650,39,37782,Petrol,97,1,0,1400,5,1060,0
314,9950,43,37576,Petrol,97,0,0,1400,3,1030,1
315,13950,41,37533,Petrol,110,1,0,1600,5,1075,0
316,12950,44,37389,Petrol,110,1,0,1600,5,1080,0
317,10950,38,37320,Petrol,97,1,0,1400,3,1025,1
318,9900,42,37000,Petrol,97,1,0,1400,3,1025,1
319,11950,44,37000,Petrol,110,0,0,1600,4,1075,0
320,11990,40,36566,Petrol,110,0,0,1600,5,1090,0
321,10750,36,36269,Petrol,110,1,0,1600,5,1075,0
322,13950,37,36074,Petrol,110,1,1,1600,5,1075,0
323,11250,44,36066,Petrol,110,1,0,1600,3,1040,0
324,12950,39,34599,Petrol,110,1,0,1600,5,1075,0
325,11950,41,34000,Petrol,110,1,0,1600,5,1075,0
326,10950,42,33623,Petrol,97,1,0,1400,3,1025,0
327,12950,33,33591,Petrol,110,1,0,1600,5,1075,0
328,12950,35,33258,Petrol,110,1,0,1600,5,1075,0
329,11695,43,33113,Petrol,110,1,0,1600,5,1075,0
330,11000,41,33000,Petrol,110,1,1,1600,5,1075,0
331,13950,35,32941,Petrol,110,1,0,1600,5,1080,0
332,11950,38,32781,Petrol,110,0,0,1600,5,1075,0
333,11750,40,32532,Petrol,110,1,0,1600,3,1040,0
334,12400,34,32431,Petrol,97,1,0,1400,5,1060,0
335,12500,35,32000,Petrol,110,0,0,1600,3,1040,0
336,12900,33,31000,Petrol,110,1,0,1600,5,1075,0
337,12200,41,30989,Petrol,110,0,0,1600,3,1045,0
338,12750,43,30742,Petrol,110,1,0,1600,3,1040,0
339,11950,42,30190,Petrol,110,1,0,1600,5,1075,0
340,11900,41,29716,Petrol,116,1,0,1600,5,1075,0
341,11950,44,29716,Petrol,110,1,1,1600,3,1070,1
342,14950,42,29640,Petrol,110,0,0,1600,3,1055,0
343,11950,41,29056,Petrol,97,1,0,1400,5,1060,0
344,12950,33,28715,Petrol,110,1,0,1600,5,1075,0
345,14950,41,28571,Petrol,110,0,0,1600,5,1090,0
346,13450,40,28362,Petrol,110,1,0,1600,3,1040,0
347,13750,38,28150,Petrol,110,1,0,1600,5,1075,0
348,12950,43,27301,Petrol,110,1,0,1600,3,1040,0
349,12750,33,27240,Petrol,110,1,0,1600,5,1075,0
350,11895,39,27170,Petrol,97,1,0,1400,5,1060,0
351,9950,42,27141,Petrol,97,1,0,1400,5,1060,1
352,12450,38,26262,Petrol,110,1,0,1600,5,1075,0
353,12500,38,26000,Petrol,97,1,0,1400,5,1060,0
354,14950,43,25228,Petrol,110,1,0,1600,3,1045,0
355,13750,39,25062,Petrol,110,1,0,1600,5,1080,0
356,12695,39,24723,Petrol,110,1,1,1600,4,1060,0
357,14990,33,24650,Petrol,110,1,0,1600,3,1055,0
358,12750,43,24553,Petrol,110,1,0,1600,5,1080,0
359,14350,41,24475,Petrol,110,1,0,1600,5,1030,0
360,12950,39,24444,Petrol,110,1,0,1600,3,1040,0
361,11500,35,24011,Petrol,97,0,0,1400,3,1025,0
362,11950,41,24000,Petrol,97,1,0,1400,3,1025,0
363,13450,40,23616,Petrol,110,1,0,1600,5,1075,0
364,12900,38,22865,Petrol,110,1,0,1600,5,1075,0
365,10500,41,22780,Petrol,86,1,0,1300,5,1035,1
366,10950,35,21904,Petrol,97,0,0,1400,3,1025,0
367,11950,41,21651,Petrol,97,0,0,1400,3,1025,0
368,11450,37,21500,Petrol,110,1,0,1600,5,1030,0
369,13250,44,21027,Petrol,110,1,0,1600,5,1080,0
370,10250,39,18500,Petrol,110,0,0,1600,4,1030,0
371,13995,35,18000,Petrol,110,1,0,1600,5,1075,0
372,11950,40,17051,Petrol,97,0,0,1400,5,1060,0
373,13250,33,16512,Petrol,97,1,0,1400,5,1085,0
374,12950,40,16325,Petrol,110,1,0,1600,5,1080,0
375,11750,38,16000,Petrol,97,1,0,1400,5,1060,0
376,11500,39,12000,Petrol,110,1,0,1600,5,1075,1
377,13500,43,10000,Petrol,97,1,0,1400,5,1060,0
378,6500,53,216000,Diesel,69,0,0,1900,3,1110,1
379,6400,51,198167,Diesel,69,0,0,1900,4,1095,1
380,7000,53,176000,Diesel,69,0,0,1900,3,1105,1
381,7750,54,174139,Diesel,72,1,0,2000,4,1100,1
382,8900,45,174000,Diesel,69,1,0,1900,5,1095,1
383,8500,55,150000,CNG,110,1,0,1600,3,1075,1
384,8950,54,149329,Diesel,72,1,0,2000,5,1135,1
385,9900,51,146736,Petrol,110,1,0,1600,5,1080,1
386,10250,53,143513,Diesel,69,0,0,1900,5,1140,1
387,9250,48,142130,CNG,110,0,0,1600,5,1119,1
388,7750,48,140700,Diesel,69,1,0,1900,5,1110,1
389,9450,54,138394,Diesel,69,1,0,1900,4,1095,1
390,7750,55,137000,Diesel,72,1,0,2000,5,1135,1
391,8250,52,135258,Diesel,69,1,0,1900,5,1140,1
392,9950,49,131364,Petrol,110,1,0,1600,5,1075,0
393,4450,56,129155,Diesel,69,0,0,1800,5,1110,1
394,9950,50,126110,Petrol,110,0,0,1600,3,1055,1
395,9000,48,119742,Petrol,110,1,0,1600,5,1080,1
396,9950,53,117913,Diesel,69,1,0,1900,5,1110,1
397,12450,47,117430,Diesel,90,1,0,2000,3,1165,0
398,10500,55,117175,Petrol,110,1,0,1600,4,1035,0
399,10750,54,115558,Petrol,110,1,0,1600,4,1035,0
400,8950,53,115113,Petrol,97,1,0,1400,3,1025,1
401,10500,54,115046,Diesel,69,1,0,1900,5,1140,0
402,5150,56,113997,Diesel,72,1,0,2000,5,1135,1
403,10950,49,107859,Petrol,97,0,0,1400,5,1060,0
404,9450,52,104805,Petrol,97,1,0,1400,3,1025,0
405,9950,54,103454,Petrol,110,1,0,1600,5,1075,1
406,10950,51,103018,Diesel,69,0,0,1900,5,1140,0
407,11900,47,102352,Petrol,110,1,0,1600,5,1080,0
408,9950,50,102030,Petrol,97,1,0,1400,5,1060,1
409,11950,54,101352,Petrol,110,0,0,1600,5,1080,0
410,7900,50,99865,Petrol,110,1,0,1600,4,1035,1
411,10950,52,99323,Petrol,110,1,0,1600,3,1055,1
412,8950,48,98100,Diesel,69,1,0,1900,5,1140,1
413,11950,51,98040,Petrol,110,0,0,1600,5,1080,0
414,10900,49,97600,Petrol,110,1,0,1600,3,1045,1
415,9950,55,97234,Petrol,110,0,0,1600,5,1080,1
416,9950,51,96135,Diesel,72,0,0,2000,3,1115,1
417,10950,54,96100,Petrol,110,1,0,1600,5,1080,0
418,8950,55,94401,Diesel,72,0,0,2000,3,1115,1
419,8950,55,94122,Petrol,86,1,0,1300,3,1015,1
420,10500,49,91340,Petrol,110,1,0,1600,3,1055,0
421,8950,53,90200,Petrol,97,0,0,1400,3,1025,1
422,9250,53,90097,Diesel,69,1,0,1900,5,1140,1
423,11500,48,89049,Petrol,97,1,0,1400,5,1060,0
424,9750,52,89000,Petrol,110,0,0,1600,5,1075,1
425,9950,45,87274,Petrol,110,1,0,1600,3,1040,1
426,11450,49,86221,Petrol,110,0,0,1600,3,1045,0
427,12500,54,84598,Petrol,110,0,0,1600,5,1075,0
428,10500,50,83567,Petrol,110,0,0,1600,5,1075,1
429,12950,50,83106,Petrol,110,1,0,1600,5,1075,0
430,12200,50,82805,Petrol,110,1,0,1600,3,1040,0
431,10950,50,82735,Petrol,97,1,0,1400,3,1030,0
432,10950,54,81905,Petrol,110,1,0,1600,5,1105,1
433,11290,49,80320,Petrol,110,1,1,1600,3,1070,0
434,10750,49,80090,Petrol,97,1,0,1400,3,1030,1
435,10895,53,79800,Petrol,110,0,0,1600,5,1075,0
436,11500,47,78785,CNG,110,1,0,1600,5,1119,0
437,9750,48,78600,Petrol,110,1,0,1600,5,1075,1
438,10250,55,77780,Petrol,110,0,0,1600,3,1040,1
439,12500,49,77648,Petrol,110,0,0,1600,4,1030,0
440,11950,54,77270,Petrol,110,1,0,1600,4,1035,0
441,10750,50,76167,Petrol,97,1,0,1400,5,1060,1
442,11450,46,75249,Petrol,110,1,0,1600,4,1035,0
443,11950,54,75231,Petrol,110,1,0,1600,5,1080,0
444,11750,48,75045,Petrol,110,1,0,1600,3,1055,0
445,10950,50,74849,Petrol,110,1,1,1600,4,1060,0
446,11950,55,74715,Petrol,110,1,0,1600,5,1080,0
447,10995,49,74656,Diesel,69,0,0,1900,3,1105,0
448,11450,56,74500,Petrol,97,0,0,1400,3,1025,0
449,8900,49,74494,Petrol,110,1,0,1600,5,1075,1
450,10500,50,73634,Petrol,110,0,0,1587,5,1075,0
451,11750,47,73403,Petrol,110,1,0,1600,5,1075,1
452,11450,49,73175,Petrol,97,1,0,1400,3,1030,0
453,12000,52,73000,Petrol,110,0,0,1600,3,1055,0
454,11950,50,72242,Petrol,110,0,1,1600,3,1070,0
455,9850,53,72000,Petrol,97,1,0,1400,3,1025,1
456,10950,54,71725,Petrol,110,1,0,1600,4,1035,1
457,10950,54,71276,Petrol,110,0,0,1600,5,1080,0
458,8695,50,70440,Diesel,69,1,0,1900,3,1105,1
459,10990,53,70239,Petrol,110,0,0,1600,3,1040,0
460,9500,55,69813,Petrol,97,1,0,1400,3,1025,1
461,11950,49,69659,Petrol,86,0,0,1300,3,1025,0
462,10750,46,69574,Petrol,97,0,0,1400,5,1065,0
463,8750,47,69000,Diesel,69,1,0,1900,5,1140,1
464,8750,49,68565,Petrol,110,1,0,1600,4,1030,1
465,11450,55,68520,Diesel,72,1,0,2000,3,1115,0
466,9950,46,68414,Petrol,97,0,0,1400,3,1025,1
467,11950,56,66777,Petrol,110,0,0,1600,5,1090,0
468,13950,52,66527,Petrol,110,1,0,1600,5,1080,0
469,11250,54,66063,Petrol,110,1,0,1600,5,1090,0
470,10900,50,65471,Petrol,97,1,0,1400,5,1060,0
471,9750,56,65400,Petrol,97,1,0,1400,3,1025,1
472,9950,52,65170,Petrol,97,1,0,1400,3,1025,1
473,11950,56,65000,Petrol,110,1,0,1600,5,1075,0
474,10450,48,64193,Petrol,110,1,0,1600,3,1040,1
475,8950,54,64000,Petrol,97,1,0,1400,3,1025,1
476,10250,54,63792,Petrol,110,1,0,1600,5,1075,1
477,9930,53,63635,Petrol,110,1,0,1600,4,1035,1
478,10500,54,63135,Petrol,110,1,0,1600,3,1050,1
479,11950,54,63123,Petrol,110,1,0,1600,4,1035,0
480,11500,48,63000,Diesel,69,1,0,1900,5,1140,0
481,11500,55,63000,Petrol,110,0,0,1600,4,1035,0
482,11450,54,62987,Petrol,110,0,0,1600,5,1080,0
483,9900,56,62751,Petrol,110,0,0,1600,3,1050,1
484,9500,54,62519,Petrol,97,0,0,1400,3,1025,1
485,10500,50,62280,Petrol,97,1,0,1400,5,1060,1
486,10750,50,61672,Petrol,110,0,0,1600,5,1075,1
487,8950,54,61000,Diesel,69,0,0,2000,5,1140,1
488,12000,56,61000,Petrol,110,1,0,1600,3,1050,0
489,9940,53,60558,Petrol,110,1,0,1600,4,1105,1
490,10950,47,60348,Petrol,110,0,0,1600,4,1030,1
491,10750,54,60239,Petrol,110,1,0,1600,5,1075,0
492,9799,51,59000,Petrol,97,1,0,1400,3,1025,1
493,11750,51,58761,Petrol,97,0,0,1300,5,1060,0
494,11950,54,58745,Petrol,110,1,0,1600,4,1035,0
495,11250,52,58596,Petrol,110,1,0,1600,3,1045,0
496,11750,54,58530,Petrol,110,0,0,1600,5,1075,0
497,10950,55,58377,Petrol,110,1,0,1600,3,1050,0
498,11250,56,58142,Petrol,110,1,0,1600,5,1080,0
499,9950,53,57948,Petrol,97,1,0,1400,3,1025,1
500,9700,51,57645,Petrol,110,0,0,1600,5,1080,0
501,11950,47,57500,Petrol,110,1,0,1600,4,1105,0
502,9900,53,57475,Petrol,110,0,0,1600,3,1040,1
503,9990,55,56743,Petrol,110,0,0,1600,3,1045,1
504,9475,48,56675,Petrol,97,1,0,1400,3,1025,1
505,11500,54,55877,Petrol,110,1,0,1600,5,1075,0
506,11950,53,55500,Petrol,110,1,0,1600,4,1035,0
507,11500,55,54900,Petrol,97,1,0,1400,5,1060,0
508,10500,50,54465,Petrol,110,0,0,1600,5,1075,1
509,10900,46,53700,Petrol,97,1,0,1400,5,1060,0
510,11700,52,53561,Petrol,97,1,0,1400,5,1060,0
511,11900,51,53408,Petrol,110,1,0,1600,5,1080,1
512,13950,51,53268,Petrol,110,1,0,1600,5,1080,0
513,10950,49,53116,Petrol,97,1,0,1400,3,1025,1
514,10500,56,52448,Petrol,97,0,0,1400,3,1025,1
515,10750,55,52149,Petrol,97,1,0,1400,3,1085,0
516,11950,55,52141,Petrol,110,1,0,1600,5,1070,1
517,10000,56,52000,Petrol,97,0,0,1400,3,1025,1
518,10495,48,50967,Petrol,97,1,0,1400,5,1060,1
519,11450,50,50400,Petrol,110,0,0,1600,5,1080,0
520,9400,54,50000,Petrol,97,1,0,1400,3,1025,1
521,11950,51,50000,Petrol,86,1,0,1300,5,1045,0
522,9650,53,49969,Petrol,110,0,0,1600,5,1075,1
523,18950,49,49568,Petrol,110,1,0,1600,3,1105,0
524,11450,51,49473,Petrol,110,0,0,1600,3,1055,0
525,10250,52,49432,Petrol,110,1,0,1600,3,1050,1
526,11450,48,49417,Petrol,110,1,0,1600,3,1045,0
527,9950,54,49366,Petrol,97,1,0,1400,3,1025,0
528,10500,56,48731,Petrol,110,1,0,1600,3,1055,1
529,13750,54,48370,Petrol,110,1,0,1600,5,1080,0
530,9950,48,48071,Petrol,97,0,0,1400,3,1025,1
531,10250,54,47852,Petrol,110,1,0,1600,4,1030,1
532,10850,54,47768,Petrol,110,0,0,1600,3,1055,1
533,11895,52,47689,Petrol,110,0,0,1600,5,1075,0
534,12950,53,47451,Petrol,110,1,0,1600,3,1055,0
535,11950,50,47219,Petrol,110,1,0,1600,5,1080,0
536,10750,56,47211,Petrol,110,1,0,1600,5,1070,1
537,9550,54,46856,Petrol,97,0,0,1400,5,1060,1
538,10950,56,46500,Petrol,86,0,0,1300,5,1035,0
539,11750,52,46449,Petrol,110,1,0,1600,4,1035,1
540,10950,47,46391,Petrol,110,0,0,1600,5,1075,1
541,12450,54,46230,Petrol,110,1,0,1600,3,1055,0
542,10500,52,46029,Petrol,110,1,0,1600,4,1030,1
543,10900,50,46000,Petrol,97,0,0,1400,3,1025,1
544,12950,50,45900,Petrol,110,1,0,1600,5,1075,0
545,10950,47,45850,Petrol,97,0,0,1400,5,1060,0
546,12500,56,45336,Petrol,110,1,0,1600,5,1080,0
547,9950,55,44537,Petrol,97,0,0,1400,3,1025,1
548,10750,56,43700,Petrol,86,1,0,1300,3,1025,0
549,12500,48,43120,Petrol,97,1,0,1400,3,1030,0
550,10450,49,41710,Petrol,110,0,0,1600,3,1040,0
551,10750,52,41700,Petrol,97,1,0,1400,3,1025,0
552,12950,49,41636,Petrol,110,1,0,1600,5,1105,0
553,10995,50,41273,Petrol,97,0,0,1400,5,1060,1
554,11950,49,40836,Petrol,110,0,1,1600,3,1075,0
555,11250,50,40400,Petrol,97,1,0,1400,5,1060,0
556,11950,47,40361,Petrol,110,1,0,1600,5,1090,0
557,13750,54,40325,Petrol,86,0,0,1300,5,1045,0
558,11000,47,40000,Petrol,110,0,0,1600,5,1080,0
559,13500,50,39706,Petrol,110,1,0,1600,5,1080,0
560,10950,54,39291,Petrol,110,1,0,1600,3,1040,1
561,10750,54,39000,Petrol,97,0,0,1400,3,1025,1
562,8950,47,38900,Petrol,97,1,0,1400,3,1025,1
563,12950,51,38403,Petrol,110,0,0,1600,3,1055,0
564,9750,56,37461,Petrol,97,0,0,1400,3,1025,1
565,10900,54,37000,Petrol,97,1,0,1400,3,1025,0
566,10995,55,36406,Petrol,110,1,0,1600,4,1035,0
567,10750,48,36005,Petrol,97,1,0,1400,5,1065,0
568,10950,52,36000,Petrol,110,1,0,1600,5,1075,1
569,13000,49,36000,Petrol,110,0,0,1600,5,1080,0
570,12950,45,36000,Petrol,110,1,1,1600,3,1070,0
571,11500,52,35823,Petrol,110,0,0,1600,5,1075,0
572,10950,56,35230,Petrol,97,0,0,1400,3,1025,0
573,11710,48,35142,Petrol,110,0,0,1600,3,1055,0
574,9980,49,34890,Petrol,97,0,0,1400,3,1025,1
575,12250,51,34882,Petrol,110,1,0,1600,5,1075,0
576,11500,46,34000,Petrol,110,1,0,1600,5,1075,0
577,11950,56,33998,Petrol,110,0,0,1600,5,1080,0
578,11500,55,33230,Petrol,110,0,0,1600,3,1050,0
579,11900,46,33021,Petrol,110,1,0,1600,5,1080,0
580,11930,49,31999,Petrol,97,0,0,1400,3,1030,0
581,10500,52,31579,Petrol,97,0,0,1400,3,1025,1
582,8950,56,31000,Petrol,97,0,0,1400,3,1025,1
583,10450,46,30806,Petrol,97,1,0,1400,5,1060,1
584,10500,55,30461,Petrol,86,1,0,1300,5,1050,1
585,12950,50,29686,Petrol,110,1,1,1600,3,1075,0
586,9950,55,29650,Petrol,86,0,0,1300,3,1025,1
587,12900,52,29500,Petrol,110,1,0,1600,3,1055,0
588,9950,48,28656,Petrol,97,0,0,1400,3,1085,1
589,9950,55,27500,Petrol,97,1,0,1400,3,1025,1
590,10950,48,26938,Petrol,110,1,0,1600,3,1040,1
591,10950,53,26624,Petrol,97,0,0,1400,5,1060,0
592,9950,47,26221,Petrol,97,1,0,1400,3,1025,1
593,10950,50,22648,Petrol,97,1,0,1400,5,1060,1
594,10800,50,22500,Petrol,97,1,0,1400,3,1025,0
595,10500,56,19313,Petrol,97,0,0,1400,3,1025,1
596,10450,50,17619,Petrol,110,0,0,1600,4,1030,1
597,10600,51,17069,Petrol,97,1,0,1400,3,1025,1
598,10450,48,15000,Petrol,97,1,0,1400,3,1025,0
599,12950,50,10210,Petrol,97,0,0,1400,5,1065,0
600,11250,47,5309,Petrol,110,1,1,1600,3,1070,0
601,7500,50,1,Diesel,90,1,0,2000,3,1260,1
602,8950,52,31000,Petrol,97,0,0,1398,3,1025,1
603,6950,58,205000,Diesel,72,1,0,2000,4,1100,1
604,7900,68,204250,Diesel,72,0,0,2000,3,1115,1
605,5950,68,194545,Petrol,86,0,0,1300,4,1000,1
606,7500,59,190900,Diesel,72,1,0,2000,3,1115,1
607,7500,62,183500,Diesel,72,1,0,2000,5,1140,1
608,6900,65,176184,Diesel,72,1,0,2000,3,1115,1
609,5751,67,174833,Diesel,72,0,0,2000,4,1100,1
610,6950,68,155720,Petrol,86,1,0,1300,3,1015,1
611,7950,67,155500,Petrol,110,1,0,1600,5,1050,1
612,7750,59,154783,Diesel,72,1,0,2000,3,1120,1
613,7950,64,154462,Diesel,72,1,0,2000,5,1135,1
614,8250,64,150585,Petrol,110,1,0,1600,3,1065,1
615,6250,67,149000,Diesel,90,1,0,2000,5,1135,1
616,9500,62,147636,Diesel,72,0,0,2000,5,1135,1
617,6900,59,144521,Diesel,72,1,0,2000,5,1135,1
618,8450,64,144000,CNG,110,1,0,1600,3,1065,1
619,7350,65,140168,Diesel,72,1,0,2000,3,1115,1
620,8950,68,140000,Petrol,110,1,0,1600,5,1085,1
621,6900,60,139800,Diesel,72,0,0,2000,3,1115,1
622,8950,59,137050,CNG,110,1,0,1600,3,1078,1
623,8750,61,136956,Petrol,110,0,0,1600,3,1065,1
624,7950,67,135337,CNG,110,1,0,1600,5,1120,1
625,8950,64,133769,Diesel,72,1,0,2000,3,1120,1
626,8950,58,133405,Diesel,72,1,0,2000,5,1135,1
627,8950,65,132807,Diesel,72,1,0,2000,5,1135,1
628,7950,64,132393,Diesel,72,0,0,2000,5,1135,1
629,7750,60,130270,Petrol,110,0,0,1600,3,1050,1
630,7500,59,130000,Diesel,72,1,0,2000,4,1135,1
631,8950,67,127000,Diesel,72,1,0,2000,5,1135,1
632,9800,67,126800,Diesel,72,0,0,2000,5,1135,1
633,9450,66,126452,Petrol,110,1,0,1600,5,1085,1
634,8950,62,125175,Diesel,116,0,0,2000,5,1150,1
635,8750,68,125000,Diesel,72,1,0,2000,3,1115,1
636,10500,61,123000,Diesel,72,0,0,2000,5,1135,1
637,7995,59,121626,Petrol,86,0,0,1300,5,1050,1
638,10450,64,120400,Petrol,110,0,0,1600,5,1090,0
639,9950,66,120000,Diesel,72,0,0,2000,4,1100,1
640,9950,68,119541,Petrol,110,0,0,1600,3,1055,1
641,8950,68,119500,Petrol,110,1,0,1600,5,1070,1
642,7950,68,119289,Petrol,110,1,0,1600,4,1035,1
643,10950,57,118833,Petrol,110,0,0,1600,3,1065,0
644,9950,64,118000,Diesel,72,1,0,2000,5,1150,1
645,8600,68,117955,Petrol,110,1,1,1600,4,1065,1
646,7250,65,117609,Petrol,86,0,0,1300,3,1015,1
647,6950,68,117000,Diesel,72,0,0,2000,3,1115,1
648,8000,64,116000,Petrol,86,0,0,1300,5,1045,1
649,9950,58,115715,Petrol,110,0,0,1600,5,1070,0
650,9450,60,115191,CNG,110,1,0,1600,4,1079,1
651,7950,68,115071,Petrol,110,1,0,1600,3,1055,1
652,9450,63,115000,CNG,110,0,0,1600,3,1109,1
653,9950,64,114846,Petrol,110,1,0,1600,5,1075,1
654,6950,65,114383,Diesel,90,0,0,2000,3,1260,1
655,8250,59,113700,Petrol,110,1,0,1600,5,1065,1
656,9950,67,113118,Petrol,86,1,0,1300,3,1020,1
657,8250,59,112827,Petrol,86,1,0,1300,5,1040,1
658,9950,68,112116,Petrol,110,1,0,1600,5,1070,1
659,10500,66,112000,Petrol,110,1,0,1600,3,1065,0
660,7950,62,112000,Diesel,72,0,0,2000,4,1135,1
661,9750,65,111769,Petrol,110,0,0,1600,3,1065,0
662,9250,61,110853,Petrol,110,1,0,1600,5,1070,1
663,9500,68,110287,Petrol,110,1,0,1600,3,1050,1
664,9950,62,109547,Petrol,110,0,0,1600,5,1075,0
665,7750,63,109230,Petrol,110,0,0,1600,3,1050,1
666,9500,68,109150,Petrol,110,0,0,1600,5,1075,1
667,9950,67,108793,Petrol,110,1,0,1600,4,1035,1
668,9750,64,106784,Petrol,110,0,1,1600,3,1050,1
669,9750,58,105942,Petrol,86,0,0,1300,5,1040,0
670,5950,59,105000,Petrol,86,1,0,1300,3,1015,1
671,8500,62,105000,Petrol,86,0,0,1300,5,1040,1
672,8495,68,104299,Petrol,110,1,0,1600,5,1085,1
673,9250,67,104000,Petrol,86,0,0,1300,3,1020,1
674,6900,68,104000,Petrol,86,1,0,1300,3,1015,1
675,8950,58,103458,Petrol,86,1,0,1300,3,1025,1
676,9500,63,103400,Petrol,110,1,0,1600,5,1075,1
677,9250,63,102807,Petrol,86,0,0,1300,5,1055,1
678,9895,68,102494,Petrol,110,0,0,1600,5,1090,0
679,9950,57,102300,Diesel,72,1,0,2000,5,1135,1
680,7950,61,102106,Petrol,110,0,0,1600,3,1050,1
681,8750,68,101889,Petrol,110,1,0,1600,5,1075,1
682,8250,57,101791,Diesel,72,0,0,2000,3,1115,1
683,8950,63,101469,Petrol,110,1,0,1600,3,1065,1
684,8950,68,101001,Petrol,110,0,0,1600,5,1075,1
685,8950,61,100748,Petrol,110,0,0,1600,5,1070,1
686,8950,65,100550,Petrol,110,1,0,1600,5,1075,1
687,9450,67,99781,Petrol,110,1,0,1600,5,1085,1
688,8950,59,98658,Petrol,86,1,0,1300,3,1020,1
689,9250,65,98500,Petrol,110,1,0,1600,5,1075,1
690,8750,64,98291,Petrol,86,0,0,1300,4,1000,1
691,9950,61,97648,Petrol,110,1,0,1600,3,1065,0
692,9950,61,97425,Petrol,110,1,0,1600,5,1075,1
693,9900,65,97173,Petrol,86,0,0,1300,3,1015,1
694,8950,66,97046,Petrol,86,1,0,1300,4,1000,1
695,8950,67,96000,Petrol,110,1,0,1600,3,1050,1
696,12250,60,96000,Diesel,72,0,0,2000,4,1100,0
697,9250,67,95750,Petrol,110,1,0,1600,5,1070,1
698,10250,61,95147,Petrol,110,1,0,1600,3,1050,1
699,8950,68,95000,Petrol,110,0,0,1600,3,1050,1
700,7999,65,95000,Petrol,110,1,0,1600,3,1050,1
701,9900,66,94606,Petrol,110,0,0,1600,3,1065,1
702,8250,63,94504,Petrol,86,1,0,1300,4,1000,1
703,10500,65,93428,Petrol,110,1,0,1600,5,1075,0
704,8450,65,93408,Petrol,86,0,0,1300,3,1015,1
705,9900,68,93296,Petrol,110,1,0,1600,5,1090,1
706,10500,62,93098,Petrol,110,1,0,1600,5,1075,1
707,8500,67,92922,Diesel,72,1,0,2000,4,1100,1
708,9500,61,92498,Petrol,110,1,0,1600,3,1050,1
709,9450,65,92226,Petrol,110,0,0,1600,3,1065,1
710,9900,68,91505,Diesel,72,0,0,2000,3,1115,1
711,8250,64,91333,Petrol,110,1,0,1600,3,1050,1
712,8750,65,91246,Petrol,86,1,0,1300,3,1015,1
713,9500,58,91000,Petrol,110,1,0,1600,5,1075,1
714,8450,68,90727,Petrol,110,0,0,1600,3,1050,1
715,8490,62,90000,Petrol,110,0,0,1600,3,1050,1
716,8750,60,89576,Petrol,110,0,0,1600,4,1035,1
717,9750,64,89145,Petrol,86,1,0,1300,3,1025,1
718,9950,63,89000,Petrol,110,1,0,1600,5,1085,1
719,8500,68,88807,Petrol,110,0,0,1600,3,1050,1
720,8450,63,88685,Petrol,110,0,0,1600,5,1070,1
721,7900,62,88667,Petrol,110,1,0,1600,4,1040,1
722,8750,57,88480,Petrol,110,1,0,1600,3,1050,1
723,7950,61,88127,Petrol,86,0,0,1300,3,1015,1
724,6900,62,88000,Petrol,86,0,0,1300,3,1020,1
725,8150,65,87821,Petrol,86,1,0,1300,3,1015,1
726,10995,59,87654,Petrol,86,1,1,1300,5,1065,1
727,8900,59,86888,Petrol,110,1,0,1600,3,1050,1
728,9500,59,86871,Petrol,86,1,0,1300,5,1040,1
729,8950,68,86714,Petrol,110,1,0,1600,4,1035,1
730,11500,65,85889,Petrol,110,0,0,1600,3,1065,0
731,10450,62,85000,Petrol,110,1,0,1600,3,1050,0
732,10500,60,85000,Petrol,86,1,0,1300,3,1025,1
733,9250,68,84976,Petrol,110,1,0,1600,4,1035,1
734,10950,65,84558,Petrol,110,1,0,1600,5,1120,1
735,10450,62,84549,Petrol,110,0,0,1600,5,1075,1
736,9250,68,84482,Petrol,110,1,0,1600,5,1075,1
737,8750,62,83908,Petrol,110,1,0,1600,5,1070,1
738,8750,67,83560,Petrol,86,0,0,1300,3,1015,1
739,9800,68,83000,Petrol,107,1,1,1600,5,1100,1
740,8250,64,82723,Petrol,86,0,0,1300,3,1015,1
741,10450,62,82421,Petrol,110,1,0,1600,3,1065,1
742,9750,58,82254,Petrol,110,0,0,1600,5,1050,1
743,8950,61,82115,Petrol,110,1,0,1600,3,1055,1
744,7450,65,82000,Petrol,86,1,0,1300,3,1015,1
745,8450,68,81965,Petrol,86,1,0,1300,5,1035,1
746,8250,66,81250,Petrol,110,0,0,1600,3,1050,1
747,10950,65,81192,Petrol,110,1,0,1600,3,1065,0
748,8950,61,81170,Petrol,110,1,0,1600,4,1040,1
749,8750,66,81083,Petrol,86,0,0,1300,3,1015,1
750,10450,61,80714,Petrol,110,1,0,1600,5,1075,1
751,10950,57,80470,Petrol,110,0,0,1600,5,1085,0
752,8450,65,80439,Petrol,110,1,0,1600,4,1035,1
753,9950,59,80430,Petrol,110,1,0,1600,3,1065,1
754,9950,68,80426,Petrol,110,1,0,1600,3,1055,0
755,8750,62,80265,Petrol,86,0,0,1300,3,1015,1
756,9950,65,80153,Petrol,110,0,0,1600,5,1070,1
757,9500,68,80121,Petrol,110,0,0,1600,5,1070,1
758,8250,65,80086,Petrol,110,1,0,1600,4,1035,1
759,10950,62,80000,Petrol,110,0,0,1600,5,1075,0
760,7950,60,80000,Petrol,86,0,0,1300,5,1015,1
761,8250,65,80000,Petrol,86,1,0,1300,2,1015,1
762,9895,67,79858,Petrol,110,1,0,1600,4,1040,1
763,9130,67,79762,Petrol,86,1,0,1300,3,1015,1
764,10950,59,79660,Petrol,86,0,1,1300,5,1065,0
765,10500,60,79150,Petrol,110,1,0,1600,5,1075,0
766,8900,61,79000,Petrol,110,1,0,1600,3,1050,1
767,9500,57,78955,Petrol,86,1,0,1300,5,1045,1
768,10950,59,78750,Diesel,90,1,0,1975,5,1155,0
769,7950,68,78521,Petrol,86,0,0,1300,3,1015,1
770,7950,64,78356,Petrol,86,1,0,1300,3,1015,1
771,7950,65,78076,Petrol,86,1,0,1300,3,1015,1
772,9500,61,78063,Petrol,107,1,1,1600,5,1100,1
773,10950,67,77821,Petrol,110,1,0,1600,5,1075,0
774,9750,68,77695,Petrol,110,1,0,1600,4,1035,1
775,9750,65,77500,Petrol,110,1,0,1600,3,1050,0
776,9450,63,77457,Petrol,110,1,0,1600,3,1055,1
777,8950,68,77029,Petrol,86,1,0,1300,3,1015,1
778,8950,68,77008,Petrol,86,1,0,1300,3,1015,1
779,8900,66,76791,Petrol,110,1,0,1600,5,1070,1
780,9950,61,76700,Petrol,86,1,0,1300,5,1035,1
781,8750,67,76569,Petrol,86,1,0,1300,3,1020,0
782,8950,59,76162,Petrol,110,1,0,1600,5,1075,1
783,8990,65,76155,Petrol,110,1,0,1600,4,1035,1
784,8950,61,75609,Petrol,86,1,0,1300,3,1015,1
785,8950,62,75569,Diesel,72,1,0,2000,3,1120,1
786,9950,67,75429,Petrol,110,1,0,1600,3,1065,1
787,9900,68,75000,Petrol,110,1,0,1600,5,1075,0
788,8950,65,75000,Petrol,86,0,0,1300,3,1015,1
789,8950,62,75000,Petrol,110,1,0,1600,5,1070,1
790,9500,66,74963,Petrol,107,0,1,1600,3,1085,1
791,7950,68,74889,Petrol,86,1,0,1300,3,1015,1
792,7750,68,74875,Petrol,110,0,0,1600,5,1070,1
793,8950,63,74747,Petrol,110,1,0,1600,5,1075,1
794,11950,60,74720,Petrol,110,1,0,1600,5,1085,0
795,8950,62,74457,Petrol,110,0,0,1600,5,1075,1
796,11950,60,74337,Petrol,86,0,0,1300,5,1035,0
797,8950,68,74308,Petrol,110,0,0,1600,3,1050,1
798,9950,64,74193,Petrol,110,0,0,1600,3,1050,1
799,8250,65,74179,Petrol,110,1,0,1600,3,1050,1
800,8995,67,73936,Petrol,86,1,0,1300,5,1050,1
801,9995,61,73894,Petrol,110,1,0,1600,3,1065,0
802,9250,64,73500,Petrol,110,1,0,1600,3,1050,0
803,10950,64,73376,Petrol,110,0,0,1600,5,1070,0
804,8900,64,73300,Petrol,86,1,0,1300,3,1015,1
805,9500,58,73172,Petrol,110,1,0,1600,5,1075,1
806,9950,58,72928,Petrol,110,1,0,1600,5,1075,1
807,7950,67,72880,Petrol,86,1,0,1332,3,1015,1
808,8250,63,72522,Petrol,110,1,0,1600,3,1050,1
809,9450,64,72000,Petrol,86,1,0,1300,3,1015,1
810,7950,57,72000,Petrol,86,0,0,1300,3,1015,1
811,9500,59,71366,Petrol,110,0,0,1600,3,1065,1
812,8950,65,71317,Petrol,110,0,0,1600,3,1050,1
813,10950,62,71000,Petrol,110,0,0,1600,5,1070,0
814,8950,60,70954,Petrol,110,0,0,1600,3,1050,1
815,9450,63,70908,Petrol,86,0,0,1300,5,1035,1
816,8000,58,70560,Petrol,110,1,0,1600,3,1050,1
817,9900,67,70552,Petrol,110,0,0,1600,5,1075,0
818,8950,62,70500,Petrol,110,1,0,1600,5,1035,1
819,10900,60,70453,Diesel,72,0,0,2000,5,1135,1
820,9450,59,70218,Petrol,110,1,0,1600,3,1050,1
821,8450,64,70116,Petrol,110,1,0,1600,4,1035,1
822,9500,65,70068,Petrol,110,1,0,1600,5,1075,1
823,10500,67,70000,Petrol,107,1,1,1587,3,1065,0
824,6950,68,70000,Petrol,86,1,0,1300,3,1015,1
825,9750,68,69103,Petrol,110,0,0,1600,4,1035,1
826,6950,58,69022,Petrol,86,1,0,1300,5,1035,1
827,9650,67,69000,Petrol,110,1,0,1600,3,1065,1
828,9950,68,68865,Petrol,110,1,0,1600,3,1065,1
829,9250,58,68723,Petrol,86,0,0,1300,3,1025,1
830,8950,63,68453,Petrol,110,1,0,1600,5,1070,1
831,9900,63,68238,Petrol,86,0,0,1300,5,1050,1
832,10995,63,68153,Petrol,110,1,0,1600,5,1085,1
833,10500,65,68000,Petrol,110,0,0,1600,5,1075,1
834,8950,65,68000,Petrol,86,1,0,1300,3,1015,1
835,9750,67,67762,Petrol,110,1,0,1600,3,1065,1
836,10950,68,67146,Petrol,110,1,0,1600,5,1075,0
837,9750,67,67110,Petrol,86,1,0,1300,5,1035,1
838,9950,59,67010,Petrol,110,1,0,1600,3,1065,1
839,10500,65,67003,Petrol,110,1,0,1600,4,1035,1
840,10400,68,66785,Petrol,86,0,1,1300,3,1045,1
841,8800,68,66550,Petrol,86,0,0,1332,3,1010,1
842,10500,61,66259,Petrol,110,1,0,1600,3,1065,1
843,9250,62,66082,Petrol,110,0,0,1600,5,1070,1
844,7800,65,66000,Petrol,86,1,0,1300,3,1015,1
845,9950,61,66000,Petrol,110,0,0,1600,3,1050,1
846,10750,63,65896,Petrol,110,1,0,1600,3,1065,0
847,10950,67,65785,Petrol,110,1,0,1600,5,1075,0
848,9950,65,65513,Petrol,110,1,1,1600,4,1070,0
849,9950,59,65463,Petrol,110,1,0,1600,5,1070,1
850,8100,68,65400,Petrol,86,1,0,1300,4,1000,1
851,9250,60,65259,Petrol,110,1,0,1600,3,1050,1
852,7800,64,65000,Petrol,110,1,0,1600,3,1050,1
853,9000,68,65000,Petrol,110,0,0,1600,5,1070,1
854,8950,57,65000,Petrol,110,0,0,1600,4,1035,1
855,8950,62,64966,Petrol,86,0,0,1300,3,1020,1
856,9950,68,64950,Petrol,110,1,0,1600,5,1075,1
857,8500,60,64914,Petrol,110,1,0,1600,5,1070,1
858,7995,62,64797,Petrol,110,1,0,1600,5,1075,1
859,8750,65,64772,Petrol,110,1,0,1600,3,1050,1
860,9750,63,64690,Petrol,86,0,0,1300,3,1020,1
861,10950,65,64630,Petrol,110,0,0,1600,5,1070,0
862,9750,67,64613,Petrol,110,1,0,1600,5,1085,1
863,8200,60,64383,Petrol,86,0,0,1300,3,1015,1
864,8950,68,64000,Petrol,110,0,0,1600,5,1075,1
865,9500,66,63881,Petrol,86,0,0,1300,3,1015,1
866,10950,58,63870,Diesel,72,0,0,2000,5,1135,0
867,9750,66,63328,Petrol,86,0,1,1300,5,1065,1
868,9950,65,63000,Petrol,86,1,1,1300,5,1065,0
869,10450,61,63000,Petrol,86,0,1,1300,3,1050,0
870,9850,65,62396,Petrol,110,0,0,1600,3,1050,1
871,9450,62,62377,Petrol,110,1,0,1600,5,1075,1
872,10295,67,62316,Petrol,110,1,0,1600,3,1050,1
873,9750,68,62292,Petrol,110,1,0,1600,3,1065,0
874,8950,65,62225,Petrol,110,1,0,1600,3,1050,1
875,9900,68,62222,Petrol,110,0,0,1600,5,1075,1
876,8750,66,62135,Petrol,86,1,0,1300,5,1035,1
877,9950,58,62024,Petrol,110,1,0,1600,5,1075,0
878,8500,60,61977,Petrol,86,1,0,1300,3,1015,1
879,9950,62,61930,Petrol,110,1,0,1600,4,1035,1
880,10950,57,61682,Petrol,110,0,0,1600,3,1050,0
881,9795,68,61568,Petrol,110,1,0,1600,4,1035,1
882,8750,68,61504,Petrol,110,1,0,1600,4,1035,1
883,8250,65,61384,Petrol,110,1,0,1600,3,1050,1
884,9950,58,61343,Petrol,110,1,0,1600,5,1075,1
885,9950,62,61254,Petrol,110,0,0,1600,5,1075,1
886,10500,59,61166,Petrol,110,1,0,1600,3,1050,0
887,9750,62,61149,Petrol,86,1,0,1300,5,1040,1
888,11250,61,61144,Petrol,110,1,0,1600,5,1090,0
889,8900,59,61127,Petrol,110,1,0,1600,3,1050,1
890,7950,60,61100,Petrol,86,1,0,1300,3,1015,1
891,11500,68,61100,Petrol,110,1,0,1600,5,1075,0
892,9450,57,61000,Petrol,110,1,0,1600,3,1050,1
893,7995,65,60724,Petrol,86,1,0,1300,3,1015,1
894,10995,59,60708,Petrol,86,1,0,1300,5,1045,1
895,8950,61,60532,Petrol,110,1,0,1600,3,1050,1
896,8250,67,60000,Petrol,86,0,1,1300,4,1030,1
897,8950,66,60000,Petrol,86,1,0,1300,3,1015,1
898,8950,65,60000,Petrol,86,1,0,1300,3,1015,1
899,9500,62,59295,Petrol,86,0,0,1300,5,1035,1
900,7500,65,59264,Petrol,86,0,0,1300,3,1015,1
901,8950,63,59000,Petrol,110,0,0,1600,3,1050,1
902,9950,63,59000,Petrol,86,1,0,1300,5,1035,1
903,9750,65,59000,Petrol,110,0,0,1600,5,1075,1
904,9450,61,59000,Petrol,110,1,0,1600,5,1070,1
905,9950,65,59000,Petrol,110,0,0,1600,3,1050,1
906,9750,68,58860,Petrol,110,1,0,1600,3,1055,1
907,8950,65,58829,Petrol,110,0,0,1600,3,1050,1
908,8250,66,58654,Petrol,110,1,0,1600,5,1070,1
909,7750,65,58300,Petrol,86,1,0,1300,3,1015,1
910,8950,60,58269,Petrol,110,1,0,1600,3,1050,1
911,9950,64,58136,Petrol,110,1,0,1600,5,1075,1
912,9450,66,58113,Petrol,107,1,1,1600,3,1085,1
913,12950,67,58058,Petrol,110,1,0,1600,3,1065,0
914,9950,58,58000,Petrol,110,1,0,1600,3,1050,1
915,10495,62,58000,Petrol,110,1,0,1600,3,1065,1
916,7950,68,57565,Petrol,86,1,0,1300,5,1035,1
917,10500,63,57413,Petrol,107,0,1,1600,5,1115,0
918,8950,65,57374,Petrol,110,1,0,1600,5,1075,1
919,9900,62,57179,Petrol,110,1,0,1600,5,1075,1
920,9995,61,57169,Petrol,110,1,0,1600,3,1065,1
921,9950,63,57124,Petrol,110,1,0,1600,3,1065,1
922,9950,63,57000,Petrol,110,1,0,1600,3,1050,1
923,8250,67,57000,Petrol,110,0,0,1600,3,1050,1
924,9950,63,57000,Petrol,86,1,0,1300,5,1035,1
925,8950,59,56259,Petrol,86,0,0,1300,3,1015,1
926,10950,62,56209,Petrol,107,1,1,1600,3,1080,0
927,9250,67,56074,Petrol,86,0,0,1300,4,1000,1
928,9950,63,55942,Petrol,110,1,0,1600,5,1070,1
929,9995,57,55844,Petrol,86,1,0,1300,5,1045,0
930,8750,61,55747,Petrol,86,0,0,1300,3,1020,1
931,10950,58,55478,Petrol,86,0,0,1300,5,1045,0
932,10350,60,55085,Petrol,107,0,1,1600,5,1105,1
933,9950,65,55061,Petrol,110,1,0,1600,5,1070,1
934,8950,65,55000,Petrol,86,1,0,1300,3,1015,1
935,10950,57,55000,Petrol,110,0,0,1600,5,1075,1
936,10950,63,54936,Petrol,110,1,0,1600,5,1075,1
937,8950,68,54875,Petrol,110,1,0,1600,5,1070,1
938,8900,67,54847,Petrol,110,0,0,1600,3,1050,1
939,10250,60,54554,Petrol,110,1,0,1600,3,1065,0
940,9450,61,54125,Petrol,110,1,0,1600,5,1035,1
941,9250,61,54000,Petrol,110,1,0,1600,3,1055,1
942,10500,57,54000,Petrol,110,1,0,1600,5,1075,1
943,7350,58,54000,Petrol,86,0,0,1300,5,1035,1
944,10250,57,54000,Petrol,110,1,0,1600,3,1135,1
945,10250,62,53285,Petrol,110,1,0,1600,5,1075,0
946,11500,65,53053,Petrol,110,1,0,1600,5,1075,0
947,8950,68,53000,Petrol,110,1,1,1587,3,1075,1
948,7750,68,53000,Petrol,86,0,0,1300,3,1015,1
949,9500,64,52968,Petrol,110,1,0,1600,3,1050,1
950,8450,67,52800,Petrol,86,1,0,1300,3,1015,1
951,8950,57,52548,Petrol,110,0,0,1600,3,1050,1
952,8400,60,52487,Petrol,110,1,0,1600,4,1035,1
953,9250,66,52383,Petrol,86,0,0,1300,3,1015,1
954,8900,61,52112,Petrol,110,1,0,1600,4,1035,1
955,8750,58,51712,Petrol,110,0,0,1600,3,1050,1
956,10950,58,51421,Petrol,110,0,1,1600,5,1105,0
957,8950,61,51235,Petrol,86,1,0,1300,4,1000,1
958,8950,65,51000,Petrol,86,1,0,1300,3,1015,1
959,8895,61,50925,Petrol,110,1,0,1600,5,1070,1
960,9390,66,50806,Petrol,86,0,0,1300,3,1480,1
961,8750,59,50469,Petrol,110,1,0,1600,5,1070,1
962,9750,61,50173,Petrol,110,1,0,1600,5,1075,0
963,9950,62,50000,Petrol,110,1,0,1600,5,1075,1
964,10950,65,49942,Petrol,110,0,0,1600,3,1065,1
965,9900,67,49585,Petrol,110,0,0,1600,5,1085,1
966,9500,62,49258,Petrol,110,1,0,1600,4,1035,1
967,9950,61,49000,Petrol,110,0,0,1600,3,1050,1
968,9950,63,48738,Petrol,110,0,0,1600,5,1055,0
969,10500,62,47750,Petrol,86,1,0,1300,5,1040,0
970,9950,63,47612,Petrol,86,0,0,1300,3,1015,1
971,10495,68,47500,Petrol,86,1,0,1300,5,1035,0
972,9500,66,47237,Petrol,110,0,0,1600,3,1050,1
973,8500,58,47171,Petrol,86,1,0,1300,3,1015,1
974,10450,60,47060,Petrol,110,0,0,1600,4,1035,0
975,8950,65,47014,Petrol,86,1,0,1300,3,1015,1
976,9900,59,46929,Petrol,86,1,0,1300,3,1025,1
977,8900,63,46000,Petrol,86,0,0,1300,5,1035,1
978,8745,65,45681,Petrol,110,0,0,1600,3,1050,1
979,8750,65,45549,Petrol,86,1,0,1300,3,1015,1
980,10750,57,45000,Petrol,110,1,0,1600,5,1050,0
981,9750,57,45000,Petrol,110,1,0,1600,3,1050,1
982,8850,65,45000,Petrol,110,0,0,1600,5,1075,1
983,7950,66,45000,Petrol,86,1,0,1300,5,1035,1
984,9450,63,45000,Petrol,110,1,0,1600,4,1035,1
985,9950,61,45000,Petrol,107,0,1,1600,3,1085,1
986,8250,63,44944,Petrol,110,1,0,1600,4,1035,1
987,9950,61,44597,Petrol,86,0,0,1300,3,1015,1
988,9995,68,44458,Petrol,86,0,0,1300,3,1015,1
989,9950,59,43818,Petrol,110,0,0,1600,5,1070,1
990,10495,60,43426,Petrol,110,1,0,1600,5,1070,1
991,7950,58,43000,CNG,110,1,1,1600,4,1114,1
992,8950,68,43000,Petrol,110,1,0,1600,5,1035,1
993,9695,57,43000,Petrol,110,0,0,1600,5,1075,1
994,7750,64,43000,Petrol,86,0,0,1300,3,1015,1
995,9950,68,42750,Petrol,110,1,0,1600,3,1050,0
996,9950,67,42102,Petrol,110,1,0,1600,5,1075,1
997,9950,63,41586,Petrol,110,1,0,1600,5,1114,1
998,9900,64,41200,Petrol,110,0,0,1600,5,1070,1
999,10950,57,40214,Petrol,86,0,0,1300,3,1025,0
1000,8950,60,40000,Petrol,86,1,0,1300,4,1000,1
1001,8950,66,39222,Petrol,86,1,1,1300,3,1045,1
1002,8250,66,39144,Petrol,110,1,0,1600,3,1050,1
1003,10250,62,39000,Petrol,110,1,0,1600,5,1075,0
1004,8750,61,38019,Petrol,110,1,0,1600,5,1070,1
1005,9750,68,37759,Petrol,110,1,0,1600,5,1070,1
1006,10950,61,37500,Petrol,110,0,0,1600,5,1085,0
1007,10950,60,37111,Petrol,110,1,0,1600,3,1050,1
1008,9750,62,37000,Petrol,86,0,0,1300,3,1015,1
1009,8900,59,36954,Petrol,110,1,0,1600,3,1050,1
1010,9500,60,36943,Petrol,110,0,0,1600,5,1070,1
1011,9950,63,36923,Petrol,86,0,0,1300,5,1050,1
1012,9950,66,36658,Petrol,110,0,0,1600,3,1050,1
1013,8250,65,36000,Petrol,86,1,0,1300,3,1015,1
1014,10450,65,36000,Petrol,110,1,0,1600,3,1065,1
1015,10950,62,35512,Petrol,110,1,0,1600,3,1065,1
1016,9250,65,35283,Petrol,86,1,0,1300,3,1015,1
1017,8900,68,35000,Petrol,110,1,0,1600,3,1050,1
1018,10900,57,35000,Petrol,86,1,0,1300,5,1045,1
1019,9750,64,34114,Petrol,110,0,0,1600,3,1050,1
1020,11950,58,34000,Petrol,110,0,0,1600,5,1075,0
1021,7900,68,33847,Petrol,86,1,0,1300,4,1000,1
1022,10900,57,33535,Petrol,110,0,0,1600,4,1035,0
1023,10450,65,33000,Petrol,110,0,0,1600,3,1050,1
1024,10950,59,32150,Petrol,110,1,0,1600,5,1085,0
1025,9950,65,31588,Petrol,86,1,0,1300,3,1015,0
1026,10750,60,31480,Petrol,110,1,0,1600,3,1065,0
1027,9900,57,31307,Petrol,110,1,0,1600,5,1070,1
1028,10750,68,31000,Petrol,110,1,0,1600,4,1035,0
1029,10450,58,30634,Petrol,110,1,0,1600,5,1075,0
1030,9450,68,30300,Petrol,86,1,0,1300,4,1000,1
1031,10750,60,28500,Petrol,86,1,1,1300,3,1045,0
1032,10950,60,28500,Petrol,110,0,0,1600,5,1075,0
1033,10000,57,28000,Petrol,86,0,0,1300,3,1015,1
1034,10500,68,26698,Petrol,110,0,0,1600,3,1055,1
1035,12500,62,26000,Petrol,107,0,1,1600,3,1085,0
1036,8950,62,25505,Petrol,86,1,0,1300,5,1035,1
1037,10500,58,25000,Petrol,110,1,0,1600,5,1075,0
1038,9245,66,22835,Petrol,110,1,0,1600,3,1050,1
1039,10950,59,22705,Petrol,110,1,0,1600,5,1075,0
1040,9500,63,22178,Petrol,86,1,0,1300,3,1015,1
1041,10900,62,17345,Petrol,110,1,0,1600,3,1050,0
1042,10950,67,15535,Petrol,86,1,1,1300,4,1030,0
1043,9450,66,15110,Petrol,86,0,0,1300,5,1035,1
1044,5900,73,232940,Diesel,72,0,0,2000,5,1172,1
1045,6950,79,218118,Diesel,72,0,0,2000,5,1150,1
1046,6000,78,217764,Diesel,72,1,0,2000,5,1135,1
1047,5250,79,207114,CNG,110,1,0,1600,5,1114,1
1048,4400,74,203254,Diesel,72,1,0,2000,3,1135,1
1049,6750,77,200732,Diesel,72,1,0,2000,4,1100,1
1050,8500,69,197501,Diesel,72,0,0,2000,5,1135,1
1051,6150,80,194765,Diesel,72,0,0,2000,3,1120,1
1052,6950,76,191620,Diesel,72,0,0,2000,5,1150,1
1053,5750,76,183277,Diesel,72,0,0,2000,3,1115,1
1054,8750,78,180378,Diesel,72,1,0,2000,4,1100,1
1055,6500,70,178800,Diesel,72,0,0,2000,3,1115,1
1056,5950,73,176177,Petrol,110,1,0,1600,5,1075,1
1057,6500,78,176000,Petrol,86,0,0,1300,5,1035,1
1058,10500,77,172980,Diesel,72,1,0,2000,5,1135,1
1059,8500,77,170000,Diesel,72,0,0,2000,4,1100,1
1060,7950,71,164000,Petrol,110,1,0,1600,3,1050,1
1061,5800,78,161775,Petrol,86,1,0,1300,3,1015,1
1062,6750,80,160000,Petrol,86,0,0,1300,3,1015,1
1063,6950,78,159968,Diesel,72,0,0,2000,3,1115,1
1064,5740,74,159908,Petrol,110,0,0,1600,3,1050,1
1065,6550,73,158492,Petrol,86,0,0,1300,3,1015,1
1066,8950,69,156204,Diesel,72,1,0,2000,3,1115,1
1067,6750,73,156169,Petrol,86,1,0,1300,5,1035,1
1068,7950,78,155210,Petrol,110,0,0,1600,3,1050,1
1069,7950,69,155000,Diesel,72,0,0,2000,3,1115,1
1070,7450,76,154900,Diesel,72,1,0,2000,5,1140,1
1071,7750,70,151300,Diesel,72,1,0,2000,5,1150,1
1072,6450,71,151000,CNG,110,1,0,1600,5,1094,1
1073,7900,75,150000,Diesel,72,1,0,2000,3,1135,1
1074,6900,69,146304,Diesel,72,1,0,2000,3,1115,1
1075,5600,75,146197,Petrol,86,0,0,1300,3,1015,1
1076,5950,77,145996,Petrol,110,0,0,1600,4,1035,1
1077,6950,80,143560,Petrol,86,1,1,1300,3,1045,1
1078,7950,71,139145,Diesel,73,0,0,2000,2,1115,1
1079,8950,79,138500,Petrol,86,0,0,1300,5,1050,1
1080,7950,74,137741,Diesel,90,1,0,2000,5,1135,1
1081,9500,80,137178,Diesel,90,1,0,2000,5,1135,0
1082,8600,76,134889,Diesel,72,1,0,2000,3,1115,1
1083,5950,71,134660,Diesel,72,0,0,2000,5,1135,1
1084,7750,73,134539,Petrol,110,0,0,1600,5,1070,1
1085,7950,79,131500,Diesel,72,0,0,2000,5,1140,1
1086,6950,77,131307,Petrol,110,1,0,1600,3,1050,1
1087,7250,74,130025,Petrol,110,1,0,1600,3,1050,1
1088,6500,78,130000,Petrol,86,0,0,1300,5,1015,1
1089,7250,77,128960,Petrol,110,1,0,1600,5,1070,1
1090,9250,80,128351,Petrol,110,1,0,1600,5,1070,1
1091,8250,73,128006,Petrol,110,1,0,1600,3,1050,1
1092,7250,71,127159,Diesel,72,1,0,2000,3,1115,1
1093,5250,72,126478,Petrol,110,1,0,1600,4,1035,1
1094,7900,77,126000,Petrol,110,1,0,1600,5,1050,1
1095,6900,76,125778,Petrol,110,0,0,1600,3,1050,1
1096,7900,75,125400,Petrol,110,0,0,1600,3,1050,1
1097,7250,74,124910,Diesel,72,0,0,2000,5,1135,1
1098,8450,70,124743,Petrol,110,1,0,1600,3,1050,1
1099,7950,76,124591,Petrol,110,1,0,1600,5,1075,1
1100,7950,74,124057,Petrol,110,1,0,1600,3,1050,1
1101,6450,72,123403,Petrol,110,1,0,1600,3,1050,1
1102,6650,75,123104,Petrol,110,1,0,1600,5,1070,1
1103,7950,74,123077,Petrol,86,1,0,1300,3,1015,1
1104,7250,80,122820,Petrol,86,0,0,1300,5,1040,1
1105,7450,77,122290,Petrol,110,0,0,1600,3,1050,1
1106,7950,74,121900,Petrol,110,1,0,1600,4,1035,1
1107,7250,77,121545,Petrol,110,1,0,1600,5,1070,1
1108,8250,71,120474,Diesel,72,1,0,2000,3,1115,1
1109,8950,76,120263,Diesel,72,1,0,2000,5,1135,1
1110,7750,74,120196,Petrol,110,1,0,1600,3,1050,1
1111,8500,71,120000,Petrol,110,0,0,1600,5,1085,1
1112,7750,78,120000,Petrol,110,0,0,1600,5,1075,1
1113,5750,73,115877,Petrol,110,0,0,1600,4,1035,1
1114,6900,76,115345,Petrol,110,1,0,1600,5,1070,1
1115,6500,71,115157,Petrol,110,1,0,1600,3,1050,1
1116,6500,78,115000,Petrol,107,1,1,1600,5,1100,1
1117,7600,77,114258,Petrol,86,1,0,1300,5,1050,1
1118,8950,73,112963,Diesel,72,1,0,2000,5,1135,1
1119,7450,74,112307,Petrol,110,1,0,1600,5,1070,1
1120,7350,72,112000,Petrol,86,1,0,1300,3,1015,1
1121,7750,73,111602,Petrol,86,1,0,1300,3,1015,1
1122,7460,80,111392,CNG,110,0,0,1598,3,1083,1
1123,9250,76,110901,Petrol,110,1,0,1600,5,1085,1
1124,7250,80,110887,Petrol,110,1,0,1600,3,1055,1
1125,6500,72,110634,Petrol,86,1,0,1300,3,1015,1
1126,6800,80,110000,Petrol,110,1,0,1600,4,1035,1
1127,8700,75,109540,Petrol,110,0,0,1600,5,1085,1
1128,7500,78,109263,Petrol,110,0,0,1600,5,1070,1
1129,7750,71,107516,Petrol,110,1,0,1600,3,1050,1
1130,7950,73,107108,Petrol,110,1,0,1600,3,1050,1
1131,9950,75,107000,Petrol,110,1,0,1600,3,1050,1
1132,6640,74,106250,Petrol,110,0,0,1600,5,1070,1
1133,8750,71,106150,Petrol,86,0,0,1300,3,1015,1
1134,7750,72,106108,Petrol,110,1,0,1600,3,1050,1
1135,5950,72,105856,Petrol,86,0,0,1300,3,1015,1
1136,6750,77,105152,Petrol,86,0,0,1300,3,1015,1
1137,6500,80,105135,Petrol,110,1,0,1600,3,1050,1
1138,8750,76,104344,Petrol,110,1,0,1600,3,1050,1
1139,7950,74,104150,Petrol,110,1,0,1600,3,1050,1
1140,6750,74,104000,Petrol,86,1,0,1300,3,1010,1
1141,7950,73,103121,Petrol,86,1,0,1300,5,1035,1
1142,7950,80,102300,Petrol,86,1,0,1300,3,1015,1
1143,8950,75,102005,Petrol,107,1,1,1600,5,1105,1
1144,7750,77,102000,Petrol,86,1,0,1300,3,1015,1
1145,6450,75,101855,Petrol,110,1,0,1600,5,1070,1
1146,6900,74,101773,Petrol,110,0,0,1600,3,1050,1
1147,8450,75,101159,Petrol,110,1,0,1600,5,1085,1
1148,6750,74,101000,Petrol,86,0,0,1300,3,1015,1
1149,8050,74,100732,Petrol,86,1,1,1300,4,1030,1
1150,9500,79,100719,Petrol,110,0,0,1600,5,1070,1
1151,7750,78,100487,Petrol,110,0,0,1600,4,1035,1
1152,8500,80,100458,Petrol,110,0,0,1600,5,1085,1
1153,7795,75,100192,Petrol,110,1,0,1600,3,1050,1
1154,6490,80,100123,Petrol,110,1,0,1600,3,1050,1
1155,7950,73,99971,Petrol,110,1,0,1600,3,1050,1
1156,6425,79,99397,Petrol,86,0,0,1300,5,1035,1
1157,8950,69,99374,Petrol,86,1,0,1300,5,1035,1
1158,6950,72,99245,Petrol,110,1,0,1600,5,1114,1
1159,8750,79,98742,Petrol,110,0,0,1600,5,1085,1
1160,8450,71,98154,Petrol,110,1,0,1600,3,1050,1
1161,7950,77,98000,Petrol,110,1,0,1600,5,1065,1
1162,7950,80,97548,Petrol,86,0,0,1300,5,1035,1
1163,8900,78,97534,Petrol,110,1,0,1600,5,1070,1
1164,8950,73,97494,Petrol,110,1,0,1600,5,1085,1
1165,8900,73,97085,Petrol,110,1,0,1600,5,1085,1
1166,7950,69,97000,Petrol,110,0,0,1600,4,1035,1
1167,6495,74,96302,Petrol,86,1,0,1300,3,1015,1
1168,7250,78,96000,Petrol,86,1,0,1300,3,1015,1
1169,9250,74,96000,Petrol,110,1,0,1600,5,1085,1
1170,6650,78,95909,Petrol,110,1,0,1600,5,1070,1
1171,6990,79,95700,Petrol,110,0,0,1600,5,1085,1
1172,7750,78,95651,Petrol,110,1,0,1600,5,1070,1
1173,6950,79,95000,Petrol,86,1,0,1300,5,1035,1
1174,7250,80,94447,Petrol,110,0,0,1600,3,1050,1
1175,9950,80,94079,Petrol,110,1,0,1600,5,1085,1
1176,9250,80,93841,Petrol,110,0,0,1600,5,1070,1
1177,7200,79,93090,Petrol,86,1,0,1300,5,1035,1
1178,8250,72,93066,Petrol,110,1,0,1600,5,1075,1
1179,8950,79,93039,Petrol,110,1,0,1600,3,1050,1
1180,8250,77,93000,Petrol,110,1,0,1600,5,1075,1
1181,6250,80,92830,Petrol,86,1,0,1300,3,1015,1
1182,9900,80,92255,Petrol,107,0,1,1600,5,1105,0
1183,7300,80,92096,Petrol,86,1,0,1300,5,1035,1
1184,8950,72,91921,Petrol,86,1,0,1300,3,1020,1
1185,6500,70,91900,Petrol,86,1,0,1300,3,1015,1
1186,7950,78,91399,Petrol,110,1,0,1600,5,1070,1
1187,7450,75,91082,Petrol,110,1,0,1600,3,1050,1
1188,7950,71,90370,Petrol,86,1,0,1300,5,1035,1
1189,8500,78,90345,Petrol,86,1,0,1300,5,1035,1
1190,6950,77,90305,Petrol,86,1,0,1300,3,1015,1
1191,7950,78,90011,Petrol,86,0,1,1300,3,1045,1
1192,6750,77,90000,Petrol,86,1,0,1300,3,1015,1
1193,8450,70,89983,Petrol,110,0,0,1600,3,1055,1
1194,7500,78,89953,Petrol,110,0,0,1600,5,1114,1
1195,8750,74,89800,Diesel,72,1,0,2000,3,1115,1
1196,8750,79,89739,Petrol,86,1,0,1300,5,1035,1
1197,8950,76,89520,Petrol,110,1,0,1600,3,1050,1
1198,7450,75,89507,Petrol,86,0,0,1300,3,1015,1
1199,9200,69,89096,Petrol,110,1,0,1600,5,1085,1
1200,8950,74,88700,Petrol,110,1,0,1600,3,1050,1
1201,7850,72,88500,Petrol,110,1,0,1600,5,1075,1
1202,6950,73,88186,Diesel,72,1,0,2000,3,1115,1
1203,7200,75,88000,Petrol,110,1,0,1600,3,1050,1
1204,7450,78,87743,Petrol,110,0,0,1600,3,1055,1
1205,6750,75,87613,Petrol,86,0,0,1300,3,1015,1
1206,7500,73,87358,Petrol,110,1,0,1600,3,1050,1
1207,7450,72,87083,Petrol,110,0,0,1600,4,1035,1
1208,7950,70,87000,Petrol,110,1,0,1600,4,1035,1
1209,7250,78,87000,Petrol,110,1,0,1600,4,1035,1
1210,7950,73,87000,Petrol,86,1,0,1300,3,1015,1
1211,8250,80,87000,Petrol,86,1,0,1300,3,1015,1
1212,8250,72,86860,Petrol,110,0,0,1600,5,1075,1
1213,6750,80,86109,Petrol,110,1,0,1600,3,1055,1
1214,8750,79,86000,Petrol,86,1,0,1300,5,1040,1
1215,8950,80,86000,Petrol,110,0,0,1600,3,1050,1
1216,8500,70,85864,Diesel,72,1,0,2000,5,1135,1
1217,8250,80,85565,Petrol,110,0,0,1600,5,1070,1
1218,9450,70,85470,Petrol,107,0,1,1600,3,1080,1
1219,7950,73,85200,Petrol,110,1,0,1600,3,1050,1
1220,7900,70,85000,Petrol,110,1,0,1600,3,1055,1
1221,8500,73,84988,Petrol,110,1,0,1600,3,1050,1
1222,8250,79,84966,Petrol,110,0,0,1600,5,1070,1
1223,8250,76,84472,Petrol,110,1,0,1600,5,1070,1
1224,8950,73,84402,Petrol,110,1,0,1600,4,1035,1
1225,7950,74,84123,Petrol,110,0,0,1600,3,1050,1
1226,6950,80,84000,Petrol,110,0,0,1600,5,1075,1
1227,7250,78,84000,Petrol,110,1,0,1600,5,1065,1
1228,7750,77,84000,Petrol,110,1,0,1600,5,1085,1
1229,8700,75,83850,Petrol,110,1,0,1600,3,1055,1
1230,8950,80,83540,Petrol,110,1,0,1600,5,1070,1
1231,6750,76,83405,Petrol,110,1,0,1600,5,1070,1
1232,7500,71,83291,Petrol,110,1,0,1600,5,1070,1
1233,7950,69,83133,Petrol,86,0,0,1300,3,1015,1
1234,8950,71,83047,Petrol,86,1,1,1300,3,1045,1
1235,7950,71,82700,Petrol,110,0,0,1600,3,1050,1
1236,7450,78,82675,Petrol,86,0,0,1300,3,1015,1
1237,5950,78,82595,Petrol,86,1,0,1300,3,1015,1
1238,7750,75,82256,Petrol,110,1,0,1600,3,1050,1
1239,6950,77,82103,Petrol,86,1,0,1300,3,1015,1
1240,8750,80,82021,Petrol,86,1,0,1300,5,1035,1
1241,8950,71,82000,Petrol,110,1,0,1600,5,1075,1
1242,7495,79,81988,Petrol,110,1,0,1600,5,1070,1
1243,7750,76,81930,Petrol,110,0,0,1600,5,1070,1
1244,6950,70,81663,Petrol,110,0,0,1600,3,1050,1
1245,7990,77,80486,Petrol,110,1,0,1600,5,1070,1
1246,7250,78,80000,Petrol,110,1,0,1600,4,1065,1
1247,6900,69,79000,Petrol,86,0,0,1300,3,1015,1
1248,7750,74,78894,Petrol,110,0,0,1600,5,1070,1
1249,7250,78,78689,Petrol,110,0,0,1600,4,1035,1
1250,8950,77,78435,Petrol,86,0,0,1300,3,1015,1
1251,8500,71,78260,Petrol,110,0,0,1600,3,1050,1
1252,7950,72,78120,Petrol,110,1,0,1600,5,1075,1
1253,6950,77,77000,Petrol,86,0,0,1300,3,1015,1
1254,8000,78,77000,Petrol,110,0,0,1600,3,1050,1
1255,7950,75,76382,Petrol,110,1,0,1600,3,1055,1
1256,8500,76,76268,Petrol,86,1,0,1300,3,1015,1
1257,7490,73,76151,Petrol,86,1,0,1300,3,1015,1
1258,8250,80,76000,Petrol,110,0,0,1600,3,1050,1
1259,9250,71,76000,Petrol,110,1,0,1600,5,1070,1
1260,7950,72,75840,Petrol,86,0,0,1300,5,1035,1
1261,9500,77,75799,Petrol,110,1,0,1600,3,1050,1
1262,8950,72,75525,Petrol,110,1,0,1600,3,1114,1
1263,8450,78,75323,Petrol,86,1,0,1300,5,1050,1
1264,7995,79,75322,Petrol,110,1,0,1600,4,1115,1
1265,8750,78,75226,Petrol,110,0,0,1600,4,1035,1
1266,5950,71,75085,Petrol,86,0,0,1300,5,1035,1
1267,8500,73,75000,Petrol,110,0,0,1600,5,1075,1
1268,8950,69,75000,Petrol,86,1,0,1300,4,1000,1
1269,8750,69,75000,Petrol,86,1,0,1300,4,1000,1
1270,7600,78,74926,Petrol,110,1,0,1600,5,1075,1
1271,7145,80,74785,Petrol,110,1,0,1600,5,1070,1
1272,8450,69,74573,Petrol,110,1,0,1600,5,1085,1
1273,5950,75,74567,Petrol,86,1,0,1300,3,1015,1
1274,9000,80,74196,Petrol,110,0,0,1600,5,1075,1
1275,7250,80,74151,Petrol,110,1,0,1600,3,1050,1
1276,7400,75,74096,Petrol,110,1,0,1600,3,1050,1
1277,8800,79,74093,Petrol,110,1,0,1600,5,1075,1
1278,7750,71,74000,Petrol,110,0,0,1600,3,1050,1
1279,7500,75,74000,Petrol,86,1,0,1300,3,1015,1
1280,8450,78,73638,Petrol,86,1,1,1300,4,1015,1
1281,7400,75,73460,Petrol,110,1,0,1600,5,1070,1
1282,7500,80,73200,Petrol,110,1,0,1600,5,1070,1
1283,8950,76,73116,Petrol,110,1,0,1600,5,1075,1
1284,8950,70,73014,Petrol,110,1,0,1600,5,1075,1
1285,7950,77,72703,Petrol,110,1,0,1600,3,1050,1
1286,7950,79,72328,Petrol,110,1,0,1600,5,1075,1
1287,7950,78,72222,Petrol,110,1,0,1600,5,1070,1
1288,8950,71,72128,Petrol,107,1,1,1600,5,1100,1
1289,7750,78,72090,Petrol,110,1,0,1600,5,1070,1
1290,8250,78,72000,Petrol,110,1,0,1600,4,1035,1
1291,7950,78,72000,Petrol,110,0,0,1600,3,1055,1
1292,7750,77,71900,Petrol,86,1,0,1300,3,1015,1
1293,8500,77,71825,Petrol,110,0,0,1600,5,1075,1
1294,6950,80,71740,Petrol,110,1,0,1600,5,1070,1
1295,7500,80,71500,Petrol,110,1,0,1600,4,1035,1
1296,7750,79,71359,Petrol,110,1,0,1600,3,1050,1
1297,5950,79,71263,Petrol,86,0,0,1300,3,1015,1
1298,7500,78,71186,Petrol,110,0,0,1600,3,1050,1
1299,8950,72,71054,Petrol,86,0,1,1300,3,1045,1
1300,7950,76,71000,Petrol,110,1,0,1600,3,1050,1
1301,6900,80,70939,Petrol,110,1,1,1600,5,1100,1
1302,7450,77,70932,Petrol,110,1,0,1600,3,1050,1
1303,8500,80,70597,Petrol,107,1,1,1600,3,1080,1
1304,7500,73,70482,Petrol,110,1,0,1600,5,1075,1
1305,8750,77,70124,Petrol,110,1,0,1600,3,1050,1
1306,7500,76,70039,Petrol,110,1,0,1600,3,1050,1
1307,9950,80,69904,Petrol,110,0,0,1600,5,1070,0
1308,7950,75,69388,Petrol,86,0,0,1300,3,1010,1
1309,9950,75,69320,Petrol,110,1,0,1600,5,1070,1
1310,9250,78,69000,Petrol,110,1,0,1600,5,1075,1
1311,9250,73,68988,Petrol,86,1,0,1300,5,1035,1
1312,9950,79,68945,Petrol,110,1,0,1600,5,1085,1
1313,5950,74,68285,Petrol,110,1,0,1600,3,1050,1
1314,7995,76,68000,Petrol,110,1,0,1600,5,1075,1
1315,8950,70,68000,Petrol,86,1,1,1300,3,1045,1
1316,7450,75,67451,Petrol,86,1,0,1300,4,1000,1
1317,8250,76,67266,Petrol,86,1,0,1300,5,1035,1
1318,8500,78,67255,Petrol,110,0,0,1600,5,1085,1
1319,8500,70,67100,Petrol,110,1,0,1600,5,1075,1
1320,9400,69,67092,Diesel,72,1,0,2000,3,1115,1
1321,7250,80,66880,Petrol,110,1,0,1600,3,1055,1
1322,8950,79,66855,Petrol,110,1,0,1600,5,1075,1
1323,9450,80,66843,Petrol,110,1,0,1600,5,1075,1
1324,8500,74,66718,Petrol,110,1,0,1600,3,1050,1
1325,6750,80,66168,Petrol,86,1,0,1300,3,1015,1
1326,7400,80,65950,Petrol,110,0,0,1600,5,1070,1
1327,8950,78,65500,Petrol,86,1,0,1300,3,1015,1
1328,6900,80,65307,Petrol,110,1,0,1600,3,1055,1
1329,7750,79,65254,Petrol,86,1,0,1300,3,1015,1
1330,8950,71,65021,Diesel,72,1,0,2000,3,1115,1
1331,6950,75,65006,Petrol,86,1,0,1300,3,1015,1
1332,8495,77,64280,Petrol,110,0,0,1600,4,1035,1
1333,10000,75,64000,Petrol,107,0,1,1600,3,1085,1
1334,6999,71,64000,Petrol,110,1,0,1600,5,1070,1
1335,8950,80,64000,Petrol,110,0,0,1600,3,1055,1
1336,8500,79,63918,Petrol,110,0,0,1600,4,1035,1
1337,8750,75,63634,Petrol,110,1,0,1600,4,1035,1
1338,7499,80,63500,Petrol,110,1,0,1600,3,1050,1
1339,9000,80,63266,Petrol,110,1,0,1600,4,1035,1
1340,8950,77,62595,Petrol,110,1,0,1600,3,1050,1
1341,6950,80,62581,Petrol,110,0,0,1600,5,1075,1
1342,8500,77,62285,Petrol,110,1,0,1600,5,1075,1
1343,8450,77,61906,Petrol,86,1,1,1300,5,1065,1
1344,8950,74,61700,Petrol,110,0,0,1600,5,1070,1
1345,8250,77,61648,Petrol,110,1,0,1600,5,1070,1
1346,7950,75,61626,Petrol,86,0,0,1300,5,1035,1
1347,7450,70,61510,Petrol,110,0,0,1600,4,1035,1
1348,9000,79,61165,Petrol,107,1,1,1600,3,1080,1
1349,7150,70,61000,Petrol,110,1,0,1600,4,1035,1
1350,7750,76,60833,Petrol,110,1,0,1600,4,1035,1
1351,5845,70,60600,Petrol,86,0,0,1300,3,1060,1
1352,8500,72,60483,Petrol,110,1,0,1600,5,1075,1
1353,8250,80,60476,Petrol,110,1,0,1600,5,1114,1
1354,9450,79,60142,Petrol,110,0,0,1600,3,1050,1
1355,6750,69,60050,Petrol,110,1,0,1600,3,1050,1
1356,8400,77,60000,Petrol,110,1,0,1600,3,1050,1
1357,7900,76,60000,Petrol,110,0,0,1600,3,1050,1
1358,7950,76,59815,Petrol,110,1,0,1587,3,1055,1
1359,8750,80,59326,Petrol,110,1,0,1600,5,1085,1
1360,9900,73,59240,Petrol,110,1,0,1600,3,1050,1
1361,6495,71,59164,Petrol,110,0,0,1600,4,1035,1
1362,8250,70,59017,Petrol,107,1,1,1600,3,1080,1
1363,6900,69,58952,Petrol,110,1,0,1600,3,1050,1
1364,7500,74,58454,Petrol,86,1,0,1300,3,1015,1
1365,7950,75,58341,Petrol,86,1,1,1300,4,1030,1
1366,8250,80,58267,Petrol,110,1,0,1600,5,1070,1
1367,8950,80,58000,Petrol,110,0,0,1600,3,1055,1
1368,9750,70,57829,Petrol,110,0,0,1600,3,1050,1
1369,8250,80,57787,Petrol,86,0,0,1300,3,1015,1
1370,8900,78,57628,Petrol,110,0,0,1600,5,1075,1
1371,8950,75,57537,Petrol,86,1,0,1300,5,1050,1
1372,6750,76,57263,Petrol,110,1,0,1600,3,1050,1
1373,7950,75,57144,Petrol,110,1,0,1600,5,1070,1
1374,8600,69,57096,Petrol,86,1,0,1300,3,1025,1
1375,7750,80,57000,Petrol,86,0,0,1300,4,1000,1
1376,7800,73,56566,Petrol,110,1,0,1600,3,1050,1
1377,8750,73,56307,Petrol,110,1,0,1600,3,1050,1
1378,9500,79,56214,Petrol,86,0,0,1300,3,1015,1
1379,7750,74,56132,Petrol,110,0,0,1600,4,1035,1
1380,9950,79,55425,Petrol,110,0,0,1600,5,1075,0
1381,7750,77,54439,Petrol,86,1,0,1300,3,1015,1
1382,5950,69,53809,Petrol,110,1,0,1600,3,1050,1
1383,10950,76,53133,Petrol,110,1,0,1600,5,1070,0
1384,9450,77,52900,Petrol,110,1,0,1600,4,1075,1
1385,8250,80,52700,Petrol,110,0,0,1600,3,1050,1
1386,9750,69,52320,Petrol,110,0,0,1600,5,1070,1
1387,7450,78,52287,Petrol,110,0,0,1600,5,1114,1
1388,8750,75,52000,Petrol,110,0,0,1600,5,1075,1
1389,8750,69,52000,Petrol,110,1,0,1600,3,1050,1
1390,8500,73,52000,Petrol,110,1,1,1600,4,1065,1
1391,8950,70,51874,Petrol,86,0,0,1300,4,1000,1
1392,7500,79,49827,Petrol,86,1,0,1300,5,1035,1
1393,7250,69,49640,Petrol,110,1,0,1600,4,1035,1
1394,7450,80,49580,Petrol,110,1,0,1600,4,1035,1
1395,8750,76,49170,Petrol,86,0,0,1300,3,1045,1
1396,9800,77,48838,Petrol,110,0,0,1600,3,1055,1
1397,7500,71,48576,Petrol,86,1,0,1300,3,1015,1
1398,8950,75,48400,Petrol,110,1,0,1600,5,1075,1
1399,8950,74,48242,Petrol,86,1,0,1300,5,1035,1
1400,7450,70,47955,Petrol,110,1,0,1600,5,1070,1
1401,8950,71,47633,Petrol,110,1,0,1600,5,1075,1
1402,10500,78,47400,Petrol,86,1,0,1300,5,1040,0
1403,7000,73,47360,Petrol,86,0,0,1300,3,1010,1
1404,8500,77,45507,Petrol,110,1,0,1600,3,1050,1
1405,7750,76,45410,Petrol,86,1,0,1300,5,1035,1
1406,8950,70,44850,Petrol,110,1,0,1600,3,1050,1
1407,8250,69,44826,Petrol,110,0,0,1600,5,1075,1
1408,9250,80,44444,Petrol,110,1,0,1600,3,1050,1
1409,7900,75,43720,Petrol,110,1,0,1600,5,1070,1
1410,8500,78,43622,Petrol,86,1,0,1300,4,1000,1
1411,7950,76,43532,Petrol,110,0,0,1600,5,1070,1
1412,9950,69,42800,Petrol,110,1,0,1600,3,1050,1
1413,8750,74,42317,Petrol,107,1,1,1600,5,1100,1
1414,7500,80,42186,Petrol,110,1,0,1600,3,1050,1
1415,6950,72,42000,Petrol,110,1,0,1600,3,1050,1
1416,8950,79,40093,Petrol,110,0,0,1600,5,1114,1
1417,8750,79,39800,Petrol,107,0,1,1600,3,1080,1
1418,7750,73,39168,Petrol,86,0,0,1300,3,1015,1
1419,8450,75,38945,Petrol,110,1,0,1600,3,1050,1
1420,8150,76,36537,Petrol,110,0,1,1600,4,1075,1
1421,8500,78,36000,Petrol,86,0,1,1300,3,1045,1
1422,7600,78,36000,Petrol,110,1,0,1600,3,1050,1
1423,7950,80,35821,Petrol,86,0,1,1300,3,1015,1
1424,7750,73,34717,Petrol,86,0,0,1300,3,1015,1
1425,7950,80,34000,Petrol,86,1,0,1300,4,1000,1
1426,9950,78,30964,Petrol,110,0,1,1600,3,1080,1
1427,8950,71,29000,Petrol,86,1,1,1300,3,1045,1
1428,8450,72,26000,Petrol,86,0,0,1300,3,1015,1
1429,8950,78,24000,Petrol,86,1,1,1300,5,1065,1
1430,8450,80,23000,Petrol,86,0,0,1300,3,1015,1
1431,7500,69,20544,Petrol,86,1,0,1300,3,1025,1
1432,10845,72,19000,Petrol,86,0,0,1300,3,1015,0
1433,8500,71,17016,Petrol,86,0,0,1300,3,1015,1
1434,7250,70,16916,Petrol,86,1,0,1300,3,1015,1
1435,6950,76,1,Petrol,110,0,0,1600,5,1114,1
