Price,Age,Mileage,FuelType,HP,MetColor,Automatic,CC,Doors,Weight,Currency
13500.0,23,46986.0,Diesel,90,1,0,2000,3,1165,EURO
11878.0,23,72937.0,Diesel,90,1,0,2000,3,1165,CHF
12050.0,24,41711.0,Diesel,90,1,0,2000,3,1165,CHF
12914.0,26,48000.0,Diesel,90,0,0,2000,3,1165,CHF
11878.0,30,38500.0,Diesel,90,0,0,2000,3,1170,CHF
11187.0,32,61000.0,Diesel,90,0,0,2000,3,1170,CHF
14599.0,27,94612.0,Diesel,90,1,0,2000,3,1245,CHF
16068.0,30,75889.0,Diesel,90,1,0,2000,3,1245,CHF
18572.0,27,19700.0,Petrol,192,0,0,1800,3,1185,CHF
11187.0,23,71138.0,Diesel,69,0,0,1900,3,1105,CHF
18097.0,25,31461.0,Petrol,192,0,0,1800,3,1185,CHF
17233.0,22,43610.0,Petrol,192,0,0,1800,3,1185,CHF
16931.0,25,32189.0,Petrol,192,0,0,1800,3,1185,CHF
18572.0,31,23000.0,Petrol,192,1,0,1800,3,1185,CHF
19436.0,32,34131.0,Petrol,192,1,0,1800,3,1185,CHF
19005.0,28,18739.0,Petrol,192,0,0,1800,3,1185,CHF
19652.0,30,34000.0,Petrol,192,1,0,1800,3,1185,CHF
15506.0,24,21716.0,Petrol,110,1,0,1600,3,1105,CHF
16750.0,24,25563.0,Petrol,110,0,0,1600,3,1065,EURO
14642.0,30,64359.0,Petrol,110,1,0,1600,3,1105,CHF
13778.0,30,67660.0,Petrol,110,1,0,1600,3,1105,CHF
14642.0,29,43905.0,Petrol,110,0,1,1600,3,1170,CHF
15950.0,28,56349.0,Petrol,110,1,0,1600,3,1120,EURO
16950.0,28,32220.0,Petrol,110,1,0,1600,3,1120,EURO
14037.0,29,25813.0,Petrol,110,1,0,1600,3,1120,CHF
13778.0,25,28450.0,Petrol,110,1,0,1600,3,1120,CHF
15112.0,27,34545.0,Petrol,110,1,0,1600,3,1120,CHF
13606.0,29,41415.0,Petrol,110,1,0,1600,3,1120,CHF
14642.0,28,44142.0,Petrol,110,0,0,1600,3,1120,CHF
15506.0,30,11090.0,Petrol,110,1,0,1600,3,1120,CHF
11187.0,29,9750.0,Petrol,97,1,0,1400,3,1100,CHF
15,646.9,22,21862.732919254657,Petrol,97,1,0,1400,3,1100,GBP
13778.0,27,29510.0,Petrol,97,1,0,1400,3,1100,CHF
12914.0,26,32692.0,Petrol,97,1,0,1400,3,1100,CHF
"15,398,499999999998",22,25465.838509316767,Petrol,97,1,0,1400,3,1100,GBP
13606.0,26,43000.0,Petrol,97,0,0,1400,3,1100,CHF
13778.0,25,25000.0,Petrol,97,0,0,1400,3,1100,CHF
12914.0,23,10000.0,Petrol,97,1,0,1400,3,1100,CHF
13606.0,32,25329.0,Petrol,97,1,0,1400,3,1100,CHF
12742.0,27,27500.0,Petrol,97,0,0,1400,3,1100,CHF
12050.0,22,49059.0,Petrol,97,0,0,1400,3,1100,CHF
14470.0,27,44068.0,Petrol,97,1,0,1400,3,1100,CHF
12050.0,22,46961.0,Petrol,97,0,0,1400,3,1100,CHF
14642.0,27,110404.0,Diesel,90,0,0,2000,5,1255,CHF
14642.0,22,100250.0,Diesel,90,0,0,2000,5,1255,CHF
16413.0,23,84000.0,Diesel,90,0,0,2000,5,1270,CHF
15506.0,27,79375.0,Diesel,90,1,0,2000,5,1255,CHF
13649.0,22,75048.0,Petrol,97,1,0,1400,5,1110,CHF
15506.0,22,72215.0,Diesel,90,1,0,2000,5,1255,CHF
18961.0,31,64982.0,Petrol,192,1,0,1800,5,1195,CHF
15506.0,22,62636.0,Diesel,90,1,0,2000,5,1255,CHF
13606.0,30,57086.0,Petrol,97,1,0,1400,5,1110,CHF
17709.0,26,56000.0,Petrol,110,1,1,1600,5,1180,CHF
18961.0,27,49866.0,Petrol,192,1,0,1800,5,1195,CHF
13390.0,25,49163.0,Petrol,110,0,1,1600,5,1165,CHF
11446.0,32,45725.0,Petrol,110,1,0,1600,5,1075,CHF
13173.0,28,43210.0,Petrol,97,0,0,1400,5,1110,CHF
13173.0,26,43000.0,Petrol,97,0,0,1400,5,1110,CHF
16370.0,23,39704.0,Petrol,110,1,1,1600,5,1180,CHF
13821.0,30,38950.0,Petrol,110,1,0,1600,5,1130,CHF
12914.0,22,37400.0,Petrol,97,1,0,1400,5,1110,CHF
14253.0,27,37177.0,Petrol,110,0,0,1600,5,1130,CHF
16197.0,31,36544.0,Petrol,110,1,0,1600,5,1130,CHF
15506.0,30,33511.0,Petrol,110,1,0,1600,5,1130,CHF
15506.0,27,32809.0,Petrol,97,1,0,1400,5,1110,CHF
16950.0,26,32181.0,Petrol,110,1,0,1600,5,1075,EURO
16370.0,28,30993.0,Petrol,110,1,0,1600,5,1130,CHF
12914.0,22,30400.0,Petrol,97,1,0,1400,5,1110,CHF
19220.0,22,30000.0,Diesel,110,1,0,2000,5,1275,CHF
15950.0,25,29719.0,Petrol,97,1,0,1400,5,1110,EURO
13778.0,28,29206.0,Petrol,97,1,0,1400,5,1110,CHF
11226.0,32,29198.0,Petrol,97,1,0,1400,5,1060,CHF
16370.0,28,28817.0,Petrol,110,1,0,1598,5,1130,CHF
13606.0,23,28227.0,Petrol,97,1,0,1400,5,1110,CHF
17233.0,28,28000.0,Petrol,110,0,0,1600,5,1130,CHF
14642.0,23,28000.0,Petrol,110,1,0,1600,5,1115,CHF
16197.0,31,25266.0,Petrol,110,1,0,1600,5,1130,CHF
15938.0,27,23489.0,Petrol,110,0,0,1600,5,1115,CHF
14594.0,29,22575.0,Petrol,110,1,0,1600,5,1115,CHF
12871.0,30,22000.0,Petrol,97,1,0,1400,5,1110,CHF
16370.0,25,20019.0,Petrol,110,1,1,1600,5,1180,CHF
17250.0,29,20000.0,Petrol,110,1,0,1600,5,1115,EURO
13347.0,25,17003.0,Petrol,97,1,0,1400,5,1110,CHF
15506.0,31,16238.0,Petrol,110,1,1,1600,5,1180,CHF
14383.0,25,15414.0,Petrol,97,1,0,1400,5,1110,CHF
15074.0,28,8537.0,Petrol,110,1,0,1600,5,1130,CHF
12871.0,30,7000.0,Petrol,97,1,0,1400,5,1100,CHF
15506.0,20,66966.0,Diesel,90,1,0,2000,3,1245,CHF
13778.0,19,51884.0,Petrol,97,1,0,1400,3,1100,CHF
18961.0,19,50005.0,Diesel,110,1,0,2000,3,1265,CHF
14210.0,20,48110.0,Petrol,97,1,0,1400,3,1100,CHF
19220.0,20,37500.0,Diesel,90,1,0,2000,3,1260,CHF
17233.0,16,34472.0,Diesel,90,1,0,1995,3,1260,CHF
13778.0,20,33329.0,Petrol,97,1,0,1400,3,1100,CHF
18900.0,20,31850.0,Petrol,110,0,0,1600,3,1120,EURO
17233.0,17,30351.0,Diesel,90,1,0,1995,3,1260,CHF
13778.0,19,29435.0,Petrol,97,1,0,1400,3,1100,CHF
15950.0,19,25948.0,Petrol,97,1,0,1400,3,1100,EURO
16197.0,11,24500.0,Petrol,110,1,0,1600,3,1120,CHF
15074.0,18,23902.0,Petrol,97,1,0,1400,3,1100,CHF
16404.0,20,23175.0,Petrol,110,1,0,1600,3,1120,CHF
14037.0,19,19200.0,Petrol,97,1,0,1400,3,1100,CHF
18500.0,13,18000.0,Petrol,71,0,0,1400,3,1125,EURO
15981.0,11,16123.0,Petrol,110,1,0,1600,3,1105,CHF
16802.0,11,14635.0,Petrol,110,1,1,1600,3,1155,CHF
14642.0,19,13748.0,Petrol,97,1,0,1400,3,1100,CHF
16240.0,14,11500.0,Petrol,110,1,0,1600,3,1045,CHF
15074.0,17,10000.0,Petrol,97,1,0,1400,3,1100,CHF
15506.0,20,7187.0,Petrol,110,1,0,1600,3,1105,CHF
28074.0,4,1.0,Diesel,116,0,0,2000,5,1480,CHF
26779.0,4,4000.0,Diesel,116,1,0,2000,5,1480,CHF
27016.0,4,1500.0,Diesel,116,1,0,2000,5,1480,CHF
21552.0,8,13253.0,Diesel,116,1,0,2000,5,1320,CHF
21552.0,8,13253.0,Diesel,116,1,0,2000,5,1320,CHF
19825.0,7,10000.0,Diesel,116,1,0,2000,5,1270,CHF
21588.0,8,6000.0,Diesel,90,1,0,2000,5,1280,CHF
21950.0,8,10841.0,Diesel,90,1,0,2000,5,1270,EURO
15463.0,7,1.0,Petrol,110,1,0,1600,3,1105,CHF
16629.0,20,63000.0,Diesel,90,1,0,2000,5,1255,CHF
19220.0,17,57313.0,Diesel,110,1,0,2000,5,1275,CHF
16370.0,13,57037.0,Petrol,110,0,0,1600,5,1115,CHF
17233.0,19,51099.0,Diesel,90,1,0,2000,5,1255,CHF
14124.0,14,40010.0,Petrol,110,1,0,1600,5,1115,CHF
16370.0,20,39115.0,Petrol,110,1,0,1600,5,1130,CHF
14642.0,17,36012.0,Petrol,110,0,0,1600,5,1130,CHF
18789.0,16,36000.0,Petrol,110,1,0,1600,5,1130,CHF
13778.0,20,36000.0,Petrol,110,1,0,1600,5,1075,CHF
14253.0,20,35000.0,Petrol,97,1,0,1400,5,1110,CHF
15506.0,17,33740.0,Petrol,97,1,0,1400,5,1135,CHF
13691.0,13,33477.0,Petrol,110,1,0,1600,5,1075,CHF
14037.0,20,32627.0,Petrol,97,1,0,1400,5,1110,CHF
13778.0,20,29797.0,Petrol,97,1,0,1400,5,1110,CHF
14037.0,19,29441.0,Petrol,97,1,0,1400,5,1110,CHF
13778.0,13,29371.0,Petrol,110,1,0,1600,4,1105,CHF
14253.0,20,29000.0,Petrol,97,0,0,1400,5,1110,CHF
14253.0,19,27821.0,Petrol,97,0,0,1400,5,1110,CHF
15938.0,19,27371.0,Petrol,97,0,0,1400,5,1135,CHF
14037.0,13,25170.0,Petrol,110,1,0,1600,5,1105,CHF
19869.0,11,25000.0,Diesel,116,1,0,2000,5,1320,CHF
17190.0,20,23000.0,Petrol,110,1,0,1600,5,1130,CHF
14210.0,20,22588.0,Petrol,97,1,0,1400,5,1110,CHF
20689.0,19,21684.0,Petrol,192,1,0,1800,5,1185,CHF
17233.0,13,21428.0,Petrol,110,1,0,1600,5,1130,CHF
15981.0,16,20629.0,Petrol,110,1,0,1600,4,1090,CHF
16370.0,15,20270.0,Petrol,110,1,0,1600,5,1130,CHF
14210.0,16,20105.0,Petrol,97,0,0,1400,5,1110,CHF
17709.0,20,20000.0,Petrol,110,0,1,1600,5,1165,CHF
21164.0,13,19988.0,Petrol,110,1,0,1600,5,1130,CHF
19450.0,19,18328.0,Petrol,110,0,0,1600,5,1130,EURO
18097.0,14,17896.0,Petrol,110,1,1,1600,4,1150,CHF
17200.0,20,17300.0,Petrol,97,1,0,1400,5,1110,EURO
17233.0,19,17038.0,Petrol,110,0,0,1600,5,1130,CHF
18450.0,10,13747.0,Petrol,97,1,0,1400,5,1110,EURO
16845.0,12,13634.0,Petrol,110,1,0,1600,5,1115,CHF
18789.0,13,13178.0,Petrol,110,1,0,1600,5,1130,CHF
14571.0,15,13157.0,Petrol,97,1,0,1400,4,1085,CHF
16845.0,16,13000.0,Petrol,110,1,0,1600,4,1105,CHF
16327.0,11,12500.0,Petrol,110,1,0,1600,5,1115,CHF
17061.0,17,11999.0,Petrol,110,1,0,1600,5,1130,CHF
17061.0,16,11754.0,Petrol,110,0,1,1600,5,1180,CHF
16370.0,16,11000.0,Petrol,110,1,0,1600,4,1105,CHF
17925.0,17,10000.0,Petrol,110,0,0,1598,5,1105,CHF
16931.0,9,7650.0,Petrol,110,1,0,1600,5,1115,CHF
16845.0,14,6500.0,Petrol,110,1,0,1600,4,1100,CHF
17650.0,11,6155.0,Petrol,97,1,0,1400,5,1110,EURO
17233.0,14,6000.0,Petrol,110,0,0,1600,5,1130,CHF
17233.0,14,5459.0,Petrol,110,1,0,1600,5,1130,CHF
18097.0,14,5278.0,Petrol,110,1,1,1600,4,1150,CHF
20500.0,12,5000.0,Petrol,110,1,0,1600,5,1130,EURO
15372.0,9,1.0,Petrol,98,1,0,1400,4,1065,CHF
15761.0,9,1.0,Petrol,110,1,0,1600,5,1075,CHF
20516.0,8,11000.0,Petrol,110,1,0,1600,5,1130,CHF
16845.0,8,10077.0,Petrol,97,1,0,1400,5,1110,CHF
16370.0,8,10000.0,Petrol,97,1,0,1400,5,1110,CHF
18961.0,8,9788.0,Petrol,110,1,0,1600,5,1130,CHF
"19,817.949999999997",8,5325.465838509316,Petrol,110,1,0,1600,5,1130,GBP
16370.0,8,7000.0,Petrol,110,0,0,1600,5,1115,CHF
17233.0,7,6250.0,Petrol,110,1,0,1600,5,1115,CHF
18961.0,8,5000.0,Petrol,110,1,0,1600,5,1130,CHF
22500.0,6,3000.0,Petrol,110,0,0,1600,5,1130,EURO
15981.0,7,2000.0,Petrol,110,0,0,1600,5,1075,CHF
16153.0,7,450.0,Petrol,97,1,0,1400,5,1110,CHF
18249.0,2,225.0,Petrol,97,1,0,1400,5,1110,CHF
18572.0,2,15.0,Petrol,110,1,0,1600,5,1130,CHF
17795.0,1,1.0,Petrol,98,1,0,1400,4,1100,EURO
15761.0,1,1.0,Petrol,110,1,0,1600,5,1075,CHF
6004.0,43,243000.0,Diesel,69,0,0,1900,3,1110,CHF
8207.0,38,180638.0,Diesel,90,0,0,2000,4,1160,CHF
10323.0,40,179860.0,Diesel,90,1,0,2000,5,1205,CHF
6694.0,43,178858.0,CNG,110,0,0,1600,3,1084,CHF
11950.0,40,161000.0,Diesel,69,1,0,1900,3,1105,EURO
3758.0,44,158320.0,Diesel,69,0,0,1800,5,1110,CHF
4103.0,44,131273.0,Diesel,69,1,0,1800,5,1110,CHF
10150.0,40,130062.0,Diesel,69,1,0,1900,5,1140,CHF
11446.0,41,123425.0,Diesel,69,1,0,1900,5,1140,CHF
10323.0,37,118217.0,Petrol,110,1,0,1600,5,1075,CHF
10280.0,44,110000.0,Diesel,69,1,0,1900,5,1095,CHF
12742.0,39,108847.0,Diesel,90,1,0,2000,5,1205,CHF
8595.0,42,105699.0,Petrol,97,1,0,1400,3,1025,CHF
10323.0,39,98823.0,CNG,110,1,0,1600,5,1119,CHF
9930.0,44,96829.0,Petrol,110,1,0,1600,5,1075,CHF
9718.0,40,96518.0,Petrol,97,1,0,1400,3,1025,CHF
10500.0,42,92204.0,Petrol,110,1,0,1600,5,1075,EURO
9027.0,35,91456.0,Diesel,69,1,0,1900,3,1110,CHF
11187.0,43,89968.0,Diesel,69,1,0,1900,5,1140,CHF
9934.0,44,89757.0,Petrol,110,1,0,1600,3,1045,CHF
10798.0,40,85389.0,Petrol,110,1,0,1600,5,1075,CHF
10950.0,43,85017.0,Petrol,97,0,0,1400,5,1060,EURO
9890.0,41,84312.0,Petrol,110,0,0,1600,5,1080,CHF
10323.0,37,82743.0,CNG,110,1,0,1600,5,1121,CHF
11446.0,41,81106.0,Diesel,69,1,0,1900,5,1140,CHF
12742.0,40,80425.0,Diesel,90,1,0,2000,5,1205,CHF
10185.0,34,78677.0,Petrol,110,1,1,1600,5,1105,CHF
9890.0,40,78425.0,Petrol,110,1,0,1600,5,1075,CHF
13500.0,33,78108.0,Diesel,90,1,0,2000,3,1170,EURO
9459.0,33,77321.0,Petrol,110,1,0,1600,5,1075,CHF
11662.0,33,75699.0,Diesel,69,0,0,1900,3,1105,CHF
9459.0,41,75697.0,Petrol,97,1,0,1400,3,1025,CHF
9459.0,44,74846.0,Petrol,97,1,0,1400,3,1025,CHF
11187.0,38,74319.0,Petrol,110,1,0,1600,5,1075,CHF
10323.0,43,74285.0,Petrol,110,1,0,1600,5,1075,CHF
10755.0,44,74172.0,Petrol,110,1,0,1600,5,1615,CHF
10323.0,40,73042.0,Petrol,110,1,0,1598,5,1075,CHF
"14,851.099999999999",44,44591.9254658385,CNG,110,1,0,1600,4,1067,GBP
12450.0,35,71200.0,Petrol,110,1,0,1600,5,1075,EURO
11187.0,38,67805.0,Petrol,110,1,0,1600,5,1075,CHF
10323.0,35,65988.0,Petrol,110,1,0,1600,3,1040,CHF
11690.0,34,65345.0,Petrol,97,1,0,1400,5,1060,EURO
10755.0,42,64564.0,Petrol,110,1,0,1600,5,1080,CHF
11014.0,36,63459.0,Petrol,97,1,0,1400,5,1060,CHF
10301.0,44,63451.0,Petrol,97,0,0,1400,3,1025,CHF
11187.0,33,62000.0,Petrol,110,1,0,1600,5,1075,CHF
11950.0,42,61300.0,Petrol,97,1,0,1400,3,1030,EURO
11144.0,41,61200.0,Petrol,110,1,0,1600,3,1045,CHF
10280.0,41,61000.0,Petrol,110,0,0,1600,5,1075,CHF
10064.0,38,60829.0,Petrol,110,1,0,1600,5,1075,CHF
10950.0,44,60500.0,Petrol,110,0,0,1600,5,1075,EURO
13950.0,35,59500.0,Diesel,69,1,0,1900,3,1110,EURO
12050.0,44,59000.0,Petrol,110,0,1,1600,5,1110,CHF
10323.0,40,58954.0,Petrol,110,1,0,1600,5,1080,CHF
9459.0,38,58798.0,Petrol,110,1,0,1600,5,1075,CHF
12450.0,38,58363.0,Petrol,110,1,0,1600,3,1055,EURO
10323.0,43,58277.0,Petrol,110,1,0,1600,3,1045,CHF
11662.0,33,57711.0,Diesel,90,1,0,2000,3,1165,CHF
10098.0,33,57269.0,Petrol,110,1,0,1600,5,1075,CHF
11662.0,39,56001.0,Petrol,110,1,0,1600,5,1075,CHF
10323.0,42,55968.0,Petrol,110,0,0,1600,3,1050,CHF
11144.0,39,55678.0,Petrol,110,1,0,1600,4,1030,CHF
11662.0,43,55539.0,Petrol,110,1,0,1600,5,1085,CHF
10150.0,42,55400.0,Petrol,110,0,0,1600,5,1075,CHF
10150.0,33,55350.0,Petrol,110,0,0,1600,5,1075,CHF
9372.0,43,54600.0,Petrol,110,0,0,1600,4,1030,CHF
10150.0,43,53773.0,Petrol,110,1,0,1600,5,1075,CHF
12914.0,42,53719.0,Petrol,110,1,1,1600,5,1105,CHF
8587.0,39,53644.0,Petrol,110,1,0,1600,5,1075,CHF
11144.0,42,53350.0,Petrol,110,0,0,1600,5,1075,CHF
11662.0,38,53000.0,Petrol,110,1,0,1600,5,1075,CHF
10150.0,44,52084.0,Petrol,97,1,0,1400,3,1025,CHF
10323.0,44,52000.0,Petrol,97,0,0,1400,3,1025,CHF
11619.0,33,51945.0,Petrol,110,1,0,1600,5,1075,CHF
10323.0,41,51732.0,Petrol,97,1,0,1400,3,1025,CHF
10793.0,39,50873.0,Petrol,110,1,0,1600,5,1075,CHF
11662.0,41,50856.0,Petrol,110,0,0,1600,4,1030,CHF
12750.0,40,50640.0,Petrol,110,1,0,1600,5,1075,EURO
10366.0,39,50000.0,Petrol,97,1,0,1400,5,1060,CHF
10323.0,38,49500.0,Petrol,110,1,0,1600,5,1075,CHF
10793.0,44,49332.0,Petrol,110,1,0,1600,5,1080,CHF
12450.0,34,49291.0,Petrol,110,1,0,1600,3,1040,EURO
12742.0,40,48952.0,Diesel,90,1,0,2000,5,1205,CHF
9459.0,39,48945.0,Petrol,110,0,0,1600,3,1040,CHF
11662.0,33,48928.0,Diesel,69,1,0,1900,3,1105,CHF
12950.0,38,48197.0,Petrol,110,1,0,1600,5,1075,EURO
13500.0,35,48052.0,Diesel,69,1,0,1900,3,1105,EURO
13450.0,34,48011.0,Petrol,110,1,0,1600,4,1030,EURO
11662.0,43,48000.0,Petrol,110,1,0,1600,5,1075,CHF
9917.0,41,47350.0,Petrol,110,1,0,1600,5,1075,CHF
11619.0,39,46821.0,Petrol,97,1,0,1400,5,1060,CHF
9930.0,39,46694.0,Petrol,110,0,0,1600,3,1040,CHF
12750.0,43,46515.0,Petrol,97,0,0,1400,5,1025,EURO
12949.0,38,46327.0,Petrol,110,1,0,1600,3,1055,CHF
11187.0,35,46304.0,Petrol,97,1,0,1400,5,1060,CHF
11187.0,40,45886.0,Petrol,110,1,0,1600,5,1080,CHF
11100.0,39,45713.0,Petrol,97,1,0,1400,5,1085,CHF
12050.0,40,45600.0,Petrol,110,1,1,1600,5,1105,CHF
10323.0,41,45287.0,Petrol,110,1,0,1600,5,1075,CHF
11187.0,39,45081.0,Petrol,110,1,0,1600,5,1075,CHF
10107.0,40,44830.0,Petrol,110,1,0,1600,5,1075,CHF
9950.0,37,44757.0,Petrol,97,0,0,1400,3,1025,EURO
11895.0,44,44218.0,Petrol,97,1,0,1400,5,1060,EURO
11187.0,43,43632.0,Petrol,110,1,0,1600,5,1075,CHF
10798.0,36,43427.0,Petrol,110,1,0,1600,3,1040,CHF
11986.0,39,43254.0,Petrol,110,1,0,1600,5,1075,CHF
9070.0,35,43000.0,Petrol,110,0,0,1600,3,1050,CHF
10621.0,33,42823.0,Petrol,110,1,0,1600,5,1075,CHF
12050.0,42,42560.0,Petrol,110,1,0,1600,5,1080,CHF
10877.849999999999,38,25934.16149068323,Petrol,110,0,0,1600,3,1040,GBP
11187.0,44,41499.0,CNG,110,1,0,1600,5,1103,CHF
11100.0,40,41339.0,Petrol,110,1,0,1600,5,1080,CHF
12090.0,35,41000.0,Petrol,110,1,0,1600,5,1075,CHF
11878.0,39,40000.0,Petrol,110,1,0,1600,3,1055,CHF
11014.0,37,39757.0,Petrol,110,1,0,1600,5,1075,CHF
10798.0,41,39659.0,Petrol,110,1,0,1600,3,1045,CHF
12050.0,43,39650.0,Petrol,110,0,0,1600,3,1055,CHF
9934.0,39,39524.0,Petrol,97,1,0,1398,3,1025,CHF
13950.0,44,39516.0,Petrol,97,1,0,1400,5,1060,EURO
10275.0,41,39439.0,Petrol,97,0,0,1400,5,1060,CHF
8595.0,44,39000.0,Petrol,97,1,0,1400,3,1025,CHF
11662.0,42,38932.0,Petrol,110,1,0,1600,3,1040,CHF
9890.0,37,38812.0,Petrol,97,0,0,1400,3,1025,CHF
10755.0,42,38665.0,Petrol,110,1,0,1600,5,1075,CHF
11187.0,40,38653.0,Petrol,110,1,0,1600,5,1080,CHF
12090.0,44,38461.0,Petrol,110,1,0,1600,5,1080,CHF
10150.0,42,38078.0,Petrol,97,0,0,1400,3,1025,CHF
10064.0,39,37782.0,Petrol,97,1,0,1400,5,1060,CHF
8595.0,43,37576.0,Petrol,97,0,0,1400,3,1030,CHF
12050.0,41,37533.0,Petrol,110,1,0,1600,5,1075,CHF
11187.0,44,37389.0,Petrol,110,1,0,1600,5,1080,CHF
9459.0,38,37320.0,Petrol,97,1,0,1400,3,1025,CHF
8552.0,42,37000.0,Petrol,97,1,0,1400,3,1025,CHF
10323.0,44,37000.0,Petrol,110,0,0,1600,4,1075,CHF
11990.0,40,36566.0,Petrol,110,0,0,1600,5,1090,EURO
9287.0,36,36269.0,Petrol,110,1,0,1600,5,1075,CHF
12050.0,37,36074.0,Petrol,110,1,1,1600,5,1075,CHF
9718.0,44,36066.0,Petrol,110,1,0,1600,3,1040,CHF
11187.0,39,34599.0,Petrol,110,1,0,1600,5,1075,CHF
10323.0,41,34000.0,Petrol,110,1,0,1600,5,1075,CHF
9459.0,42,33623.0,Petrol,97,1,0,1400,3,1025,CHF
11187.0,33,33591.0,Petrol,110,1,0,1600,5,1075,CHF
11187.0,35,33258.0,Petrol,110,1,0,1600,5,1075,CHF
10103.0,43,33113.0,Petrol,110,1,0,1600,5,1075,CHF
9502.0,41,33000.0,Petrol,110,1,1,1600,5,1075,CHF
12050.0,35,32941.0,Petrol,110,1,0,1600,5,1080,CHF
10323.0,38,32781.0,Petrol,110,0,0,1600,5,1075,CHF
10150.0,40,32532.0,Petrol,110,1,0,1600,3,1040,CHF
10711.0,34,32431.0,Petrol,97,1,0,1400,5,1060,CHF
10798.0,35,32000.0,Petrol,110,0,0,1600,3,1040,CHF
11144.0,33,31000.0,Petrol,110,1,0,1600,5,1075,CHF
10539.0,41,30989.0,Petrol,110,0,0,1600,3,1045,CHF
11014.0,43,30742.0,Petrol,110,1,0,1600,3,1040,CHF
10323.0,42,30190.0,Petrol,110,1,0,1600,5,1075,CHF
10280.0,41,29716.0,Petrol,116,1,0,1600,5,1075,CHF
10323.0,44,29716.0,Petrol,110,1,1,1600,3,1070,CHF
"14,851.099999999999",42,18409.937888198758,Petrol,110,0,0,1600,3,1055,GBP
10323.0,41,29056.0,Petrol,97,1,0,1400,5,1060,CHF
11187.0,33,28715.0,Petrol,110,1,0,1600,5,1075,CHF
12914.0,41,28571.0,Petrol,110,0,0,1600,5,1090,CHF
11619.0,40,28362.0,Petrol,110,1,0,1600,3,1040,CHF
11878.0,38,28150.0,Petrol,110,1,0,1600,5,1075,CHF
11187.0,43,27301.0,Petrol,110,1,0,1600,3,1040,CHF
11014.0,33,27240.0,Petrol,110,1,0,1600,5,1075,CHF
11895.0,39,27170.0,Petrol,97,1,0,1400,5,1060,EURO
8595.0,42,27141.0,Petrol,97,1,0,1400,5,1060,CHF
12450.0,38,26262.0,Petrol,110,1,0,1600,5,1075,EURO
10798.0,38,26000.0,Petrol,97,1,0,1400,5,1060,CHF
12914.0,43,25228.0,Petrol,110,1,0,1600,3,1045,CHF
11878.0,39,25062.0,Petrol,110,1,0,1600,5,1080,CHF
10967.0,39,24723.0,Petrol,110,1,1,1600,4,1060,CHF
12949.0,33,24650.0,Petrol,110,1,0,1600,3,1055,CHF
11014.0,43,24553.0,Petrol,110,1,0,1600,5,1080,CHF
12396.0,41,24475.0,Petrol,110,1,0,1600,5,1030,CHF
11187.0,39,24444.0,Petrol,110,1,0,1600,3,1040,CHF
9934.0,35,24011.0,Petrol,97,0,0,1400,3,1025,CHF
10323.0,41,24000.0,Petrol,97,1,0,1400,3,1025,CHF
13450.0,40,23616.0,Petrol,110,1,0,1600,5,1075,EURO
11144.0,38,22865.0,Petrol,110,1,0,1600,5,1075,CHF
9070.0,41,22780.0,Petrol,86,1,0,1300,5,1035,CHF
9459.0,35,21904.0,Petrol,97,0,0,1400,3,1025,CHF
10323.0,41,21651.0,Petrol,97,0,0,1400,3,1025,CHF
9890.0,37,21500.0,Petrol,110,1,0,1600,5,1030,CHF
11446.0,44,21027.0,Petrol,110,1,0,1600,5,1080,CHF
8854.0,39,18500.0,Petrol,110,0,0,1600,4,1030,CHF
12090.0,35,18000.0,Petrol,110,1,0,1600,5,1075,CHF
10323.0,40,17051.0,Petrol,97,0,0,1400,5,1060,CHF
11446.0,33,16512.0,Petrol,97,1,0,1400,5,1085,CHF
11187.0,40,16325.0,Petrol,110,1,0,1600,5,1080,CHF
10150.0,38,16000.0,Petrol,97,1,0,1400,5,1060,CHF
"11,424.099999999999",39,7453.416149068323,Petrol,110,1,0,1600,5,1075,GBP
11662.0,43,10000.0,Petrol,97,1,0,1400,5,1060,CHF
5615.0,53,216000.0,Diesel,69,0,0,1900,3,1110,CHF
5529.0,51,198167.0,Diesel,69,0,0,1900,4,1095,CHF
6047.0,53,176000.0,Diesel,69,0,0,1900,3,1105,CHF
6694.0,54,174139.0,Diesel,72,1,0,2000,4,1100,CHF
7689.0,45,174000.0,Diesel,69,1,0,1900,5,1095,CHF
7343.0,55,150000.0,CNG,110,1,0,1600,3,1075,CHF
7731.0,54,149329.0,Diesel,72,1,0,2000,5,1135,CHF
8552.0,51,146736.0,Petrol,110,1,0,1600,5,1080,CHF
8854.0,53,143513.0,Diesel,69,0,0,1900,5,1140,CHF
7990.0,48,142130.0,CNG,110,0,0,1600,5,1119,CHF
6694.0,48,140700.0,Diesel,69,1,0,1900,5,1110,CHF
8163.0,54,138394.0,Diesel,69,1,0,1900,4,1095,CHF
6694.0,55,137000.0,Diesel,72,1,0,2000,5,1135,CHF
7127.0,52,135258.0,Diesel,69,1,0,1900,5,1140,CHF
8595.0,49,131364.0,Petrol,110,1,0,1600,5,1075,CHF
3844.0,56,129155.0,Diesel,69,0,0,1800,5,1110,CHF
8595.0,50,126110.0,Petrol,110,0,0,1600,3,1055,CHF
7774.0,48,119742.0,Petrol,110,1,0,1600,5,1080,CHF
8595.0,53,117913.0,Diesel,69,1,0,1900,5,1110,CHF
10755.0,47,117430.0,Diesel,90,1,0,2000,3,1165,CHF
9070.0,55,117175.0,Petrol,110,1,0,1600,4,1035,CHF
10750.0,54,115558.0,Petrol,110,1,0,1600,4,1035,EURO
8950.0,53,115113.0,Petrol,97,1,0,1400,3,1025,EURO
9070.0,54,115046.0,Diesel,69,1,0,1900,5,1140,CHF
4449.0,56,113997.0,Diesel,72,1,0,2000,5,1135,CHF
9459.0,49,107859.0,Petrol,97,0,0,1400,5,1060,CHF
8163.0,52,104805.0,Petrol,97,1,0,1400,3,1025,CHF
8595.0,54,103454.0,Petrol,110,1,0,1600,5,1075,CHF
9459.0,51,103018.0,Diesel,69,0,0,1900,5,1140,CHF
10280.0,47,102352.0,Petrol,110,1,0,1600,5,1080,CHF
8595.0,50,102030.0,Petrol,97,1,0,1400,5,1060,CHF
10323.0,54,101352.0,Petrol,110,0,0,1600,5,1080,CHF
6825.0,50,99865.0,Petrol,110,1,0,1600,4,1035,CHF
"10,877.849999999999",52,61691.30434782608,Petrol,110,1,0,1600,3,1055,GBP
7731.0,48,98100.0,Diesel,69,1,0,1900,5,1140,CHF
10323.0,51,98040.0,Petrol,110,0,0,1600,5,1080,CHF
10900.0,49,97600.0,Petrol,110,1,0,1600,3,1045,EURO
8595.0,55,97234.0,Petrol,110,0,0,1600,5,1080,CHF
9950.0,51,96135.0,Diesel,72,0,0,2000,3,1115,EURO
10950.0,54,96100.0,Petrol,110,1,0,1600,5,1080,EURO
7731.0,55,94401.0,Diesel,72,0,0,2000,3,1115,CHF
7731.0,55,94122.0,Petrol,86,1,0,1300,3,1015,CHF
9070.0,49,91340.0,Petrol,110,1,0,1600,3,1055,CHF
7731.0,53,90200.0,Petrol,97,0,0,1400,3,1025,CHF
7990.0,53,90097.0,Diesel,69,1,0,1900,5,1140,CHF
9934.0,48,89049.0,Petrol,97,1,0,1400,5,1060,CHF
8423.0,52,89000.0,Petrol,110,0,0,1600,5,1075,CHF
8595.0,45,87274.0,Petrol,110,1,0,1600,3,1040,CHF
9890.0,49,86221.0,Petrol,110,0,0,1600,3,1045,CHF
10798.0,54,84598.0,Petrol,110,0,0,1600,5,1075,CHF
9070.0,50,83567.0,Petrol,110,0,0,1600,5,1075,CHF
11187.0,50,83106.0,Petrol,110,1,0,1600,5,1075,CHF
10539.0,50,82805.0,Petrol,110,1,0,1600,3,1040,CHF
9459.0,50,82735.0,Petrol,97,1,0,1400,3,1030,CHF
9459.0,54,81905.0,Petrol,110,1,0,1600,5,1105,CHF
9752.0,49,80320.0,Petrol,110,1,1,1600,3,1070,CHF
9287.0,49,80090.0,Petrol,97,1,0,1400,3,1030,CHF
9411.0,53,79800.0,Petrol,110,0,0,1600,5,1075,CHF
9934.0,47,78785.0,CNG,110,1,0,1600,5,1119,CHF
8423.0,48,78600.0,Petrol,110,1,0,1600,5,1075,CHF
8854.0,55,77780.0,Petrol,110,0,0,1600,3,1040,CHF
10798.0,49,77648.0,Petrol,110,0,0,1600,4,1030,CHF
10323.0,54,77270.0,Petrol,110,1,0,1600,4,1035,CHF
10750.0,50,76167.0,Petrol,97,1,0,1400,5,1060,EURO
9890.0,46,75249.0,Petrol,110,1,0,1600,4,1035,CHF
"11,871.449999999999",54,46727.32919254658,Petrol,110,1,0,1600,5,1080,GBP
10150.0,48,75045.0,Petrol,110,1,0,1600,3,1055,CHF
9459.0,50,74849.0,Petrol,110,1,1,1600,4,1060,CHF
10323.0,55,74715.0,Petrol,110,1,0,1600,5,1080,CHF
9498.0,49,74656.0,Diesel,69,0,0,1900,3,1105,CHF
9890.0,56,74500.0,Petrol,97,0,0,1400,3,1025,CHF
7689.0,49,74494.0,Petrol,110,1,0,1600,5,1075,CHF
9070.0,50,73634.0,Petrol,110,0,0,1587,5,1075,CHF
11750.0,47,73403.0,Petrol,110,1,0,1600,5,1075,EURO
9890.0,49,73175.0,Petrol,97,1,0,1400,3,1030,CHF
10366.0,52,73000.0,Petrol,110,0,0,1600,3,1055,CHF
10323.0,50,72242.0,Petrol,110,0,1,1600,3,1070,CHF
8509.0,53,72000.0,Petrol,97,1,0,1400,3,1025,CHF
9459.0,54,71725.0,Petrol,110,1,0,1600,4,1035,CHF
9459.0,54,71276.0,Petrol,110,0,0,1600,5,1080,CHF
7511.0,50,70440.0,Diesel,69,1,0,1900,3,1105,CHF
9493.0,53,70239.0,Petrol,110,0,0,1600,3,1040,CHF
8207.0,55,69813.0,Petrol,97,1,0,1400,3,1025,CHF
10323.0,49,69659.0,Petrol,86,0,0,1300,3,1025,CHF
9287.0,46,69574.0,Petrol,97,0,0,1400,5,1065,CHF
7559.0,47,69000.0,Diesel,69,1,0,1900,5,1140,CHF
7559.0,49,68565.0,Petrol,110,1,0,1600,4,1030,CHF
9890.0,55,68520.0,Diesel,72,1,0,2000,3,1115,CHF
8595.0,46,68414.0,Petrol,97,0,0,1400,3,1025,CHF
"11,871.449999999999",56,41476.39751552795,Petrol,110,0,0,1600,5,1090,GBP
12050.0,52,66527.0,Petrol,110,1,0,1600,5,1080,CHF
11250.0,54,66063.0,Petrol,110,1,0,1600,5,1090,EURO
9416.0,50,65471.0,Petrol,97,1,0,1400,5,1060,CHF
8423.0,56,65400.0,Petrol,97,1,0,1400,3,1025,CHF
8595.0,52,65170.0,Petrol,97,1,0,1400,3,1025,CHF
10323.0,56,65000.0,Petrol,110,1,0,1600,5,1075,CHF
"12,017.499999999998",48,39871.42857142857,Petrol,110,1,0,1600,3,1040,GBP
7731.0,54,64000.0,Petrol,97,1,0,1400,3,1025,CHF
10250.0,54,63792.0,Petrol,110,1,0,1600,5,1075,EURO
"9,864£",53,39524.84472049689,Petrol,110,1,0,1600,4,1035,GBP
9070.0,54,63135.0,Petrol,110,1,0,1600,3,1050,CHF
10323.0,54,63123.0,Petrol,110,1,0,1600,4,1035,CHF
9934.0,48,63000.0,Diesel,69,1,0,1900,5,1140,CHF
9934.0,55,63000.0,Petrol,110,0,0,1600,4,1035,CHF
9890.0,54,62987.0,Petrol,110,0,0,1600,5,1080,CHF
"9,834£",56,38975.776397515525,Petrol,110,0,0,1600,3,1050,GBP
8207.0,54,62519.0,Petrol,97,0,0,1400,3,1025,CHF
9070.0,50,62280.0,Petrol,97,1,0,1400,5,1060,CHF
9287.0,50,61672.0,Petrol,110,0,0,1600,5,1075,CHF
8950.0,54,61000.0,Diesel,69,0,0,2000,5,1140,EURO
10366.0,56,61000.0,Petrol,110,1,0,1600,3,1050,CHF
8587.0,53,60558.0,Petrol,110,1,0,1600,4,1105,CHF
9459.0,47,60348.0,Petrol,110,0,0,1600,4,1030,CHF
9287.0,54,60239.0,Petrol,110,1,0,1600,5,1075,CHF
8465.0,51,59000.0,Petrol,97,1,0,1400,3,1025,CHF
10150.0,51,58761.0,Petrol,97,0,0,1300,5,1060,CHF
10323.0,54,58745.0,Petrol,110,1,0,1600,4,1035,CHF
9718.0,52,58596.0,Petrol,110,1,0,1600,3,1045,CHF
10150.0,54,58530.0,Petrol,110,0,0,1600,5,1075,CHF
10950.0,55,58377.0,Petrol,110,1,0,1600,3,1050,EURO
11250.0,56,58142.0,Petrol,110,1,0,1600,5,1080,EURO
8595.0,53,57948.0,Petrol,97,1,0,1400,3,1025,CHF
9700.0,51,57645.0,Petrol,110,0,0,1600,5,1080,EURO
10323.0,47,57500.0,Petrol,110,1,0,1600,4,1105,CHF
9900.0,53,57475.0,Petrol,110,0,0,1600,3,1040,EURO
8630.0,55,56743.0,Petrol,110,0,0,1600,3,1045,CHF
8185.0,48,56675.0,Petrol,97,1,0,1400,3,1025,CHF
9934.0,54,55877.0,Petrol,110,1,0,1600,5,1075,CHF
10323.0,53,55500.0,Petrol,110,1,0,1600,4,1035,CHF
9934.0,55,54900.0,Petrol,97,1,0,1400,5,1060,CHF
9070.0,50,54465.0,Petrol,110,0,0,1600,5,1075,CHF
10900.0,46,53700.0,Petrol,97,1,0,1400,5,1060,EURO
11700.0,52,53561.0,Petrol,97,1,0,1400,5,1060,EURO
10280.0,51,53408.0,Petrol,110,1,0,1600,5,1080,CHF
12050.0,51,53268.0,Petrol,110,1,0,1600,5,1080,CHF
9459.0,49,53116.0,Petrol,97,1,0,1400,3,1025,CHF
10500.0,56,52448.0,Petrol,97,0,0,1400,3,1025,EURO
9287.0,55,52149.0,Petrol,97,1,0,1400,3,1085,CHF
10323.0,55,52141.0,Petrol,110,1,0,1600,5,1070,CHF
8638.0,56,52000.0,Petrol,97,0,0,1400,3,1025,CHF
9066.0,48,50967.0,Petrol,97,1,0,1400,5,1060,CHF
9890.0,50,50400.0,Petrol,110,0,0,1600,5,1080,CHF
8120.0,54,50000.0,Petrol,97,1,0,1400,3,1025,CHF
11950.0,51,50000.0,Petrol,86,1,0,1300,5,1045,EURO
8336.0,53,49969.0,Petrol,110,0,0,1600,5,1075,CHF
16370.0,49,49568.0,Petrol,110,1,0,1600,3,1105,CHF
9890.0,51,49473.0,Petrol,110,0,0,1600,3,1055,CHF
8854.0,52,49432.0,Petrol,110,1,0,1600,3,1050,CHF
9890.0,48,49417.0,Petrol,110,1,0,1600,3,1045,CHF
8595.0,54,49366.0,Petrol,97,1,0,1400,3,1025,CHF
9070.0,56,48731.0,Petrol,110,1,0,1600,3,1055,CHF
"13,659.699999999999",54,30043.478260869564,Petrol,110,1,0,1600,5,1080,GBP
8595.0,48,48071.0,Petrol,97,0,0,1400,3,1025,CHF
8854.0,54,47852.0,Petrol,110,1,0,1600,4,1030,CHF
9372.0,54,47768.0,Petrol,110,0,0,1600,3,1055,CHF
"11,816.249999999998",52,29620.496894409935,Petrol,110,0,0,1600,5,1075,GBP
11187.0,53,47451.0,Petrol,110,1,0,1600,3,1055,CHF
10323.0,50,47219.0,Petrol,110,1,0,1600,5,1080,CHF
9287.0,56,47211.0,Petrol,110,1,0,1600,5,1070,CHF
8250.0,54,46856.0,Petrol,97,0,0,1400,5,1060,CHF
9459.0,56,46500.0,Petrol,86,0,0,1300,5,1035,CHF
10150.0,52,46449.0,Petrol,110,1,0,1600,4,1035,CHF
9459.0,47,46391.0,Petrol,110,0,0,1600,5,1075,CHF
10755.0,54,46230.0,Petrol,110,1,0,1600,3,1055,CHF
9070.0,52,46029.0,Petrol,110,1,0,1600,4,1030,CHF
9416.0,50,46000.0,Petrol,97,0,0,1400,3,1025,CHF
11187.0,50,45900.0,Petrol,110,1,0,1600,5,1075,CHF
9459.0,47,45850.0,Petrol,97,0,0,1400,5,1060,CHF
10798.0,56,45336.0,Petrol,110,1,0,1600,5,1080,CHF
8595.0,55,44537.0,Petrol,97,0,0,1400,3,1025,CHF
9287.0,56,43700.0,Petrol,86,1,0,1300,3,1025,CHF
10798.0,48,43120.0,Petrol,97,1,0,1400,3,1030,CHF
9027.0,49,41710.0,Petrol,110,0,0,1600,3,1040,CHF
9287.0,52,41700.0,Petrol,97,1,0,1400,3,1025,CHF
11187.0,49,41636.0,Petrol,110,1,0,1600,5,1105,CHF
9498.0,50,41273.0,Petrol,97,0,0,1400,5,1060,CHF
10323.0,49,40836.0,Petrol,110,0,1,1600,3,1075,CHF
9718.0,50,40400.0,Petrol,97,1,0,1400,5,1060,CHF
10323.0,47,40361.0,Petrol,110,1,0,1600,5,1090,CHF
11878.0,54,40325.0,Petrol,86,0,0,1300,5,1045,CHF
9502.0,47,40000.0,Petrol,110,0,0,1600,5,1080,CHF
13500.0,50,39706.0,Petrol,110,1,0,1600,5,1080,EURO
9459.0,54,39291.0,Petrol,110,1,0,1600,3,1040,CHF
10750.0,54,39000.0,Petrol,97,0,0,1400,3,1025,EURO
7731.0,47,38900.0,Petrol,97,1,0,1400,3,1025,CHF
11187.0,51,38403.0,Petrol,110,0,0,1600,3,1055,CHF
8423.0,56,37461.0,Petrol,97,0,0,1400,3,1025,CHF
9416.0,54,37000.0,Petrol,97,1,0,1400,3,1025,CHF
9498.0,55,36406.0,Petrol,110,1,0,1600,4,1035,CHF
9287.0,48,36005.0,Petrol,97,1,0,1400,5,1065,CHF
9459.0,52,36000.0,Petrol,110,1,0,1600,5,1075,CHF
11230.0,49,36000.0,Petrol,110,0,0,1600,5,1080,CHF
11187.0,45,36000.0,Petrol,110,1,1,1600,3,1070,CHF
9934.0,52,35823.0,Petrol,110,0,0,1600,5,1075,CHF
9459.0,56,35230.0,Petrol,97,0,0,1400,3,1025,CHF
10115.0,48,35142.0,Petrol,110,0,0,1600,3,1055,CHF
8621.0,49,34890.0,Petrol,97,0,0,1400,3,1025,CHF
10582.0,51,34882.0,Petrol,110,1,0,1600,5,1075,CHF
9934.0,46,34000.0,Petrol,110,1,0,1600,5,1075,CHF
10323.0,56,33998.0,Petrol,110,0,0,1600,5,1080,CHF
9934.0,55,33230.0,Petrol,110,0,0,1600,3,1050,CHF
11900.0,46,33021.0,Petrol,110,1,0,1600,5,1080,EURO
10306.0,49,31999.0,Petrol,97,0,0,1400,3,1030,CHF
10500.0,52,31579.0,Petrol,97,0,0,1400,3,1025,EURO
7731.0,56,31000.0,Petrol,97,0,0,1400,3,1025,CHF
9027.0,46,30806.0,Petrol,97,1,0,1400,5,1060,CHF
9070.0,55,30461.0,Petrol,86,1,0,1300,5,1050,CHF
11187.0,50,29686.0,Petrol,110,1,1,1600,3,1075,CHF
9950.0,55,29650.0,Petrol,86,0,0,1300,3,1025,EURO
11144.0,52,29500.0,Petrol,110,1,0,1600,3,1055,CHF
8595.0,48,28656.0,Petrol,97,0,0,1400,3,1085,CHF
8595.0,55,27500.0,Petrol,97,1,0,1400,3,1025,CHF
9459.0,48,26938.0,Petrol,110,1,0,1600,3,1040,CHF
9459.0,53,26624.0,Petrol,97,0,0,1400,5,1060,CHF
8595.0,47,26221.0,Petrol,97,1,0,1400,3,1025,CHF
9459.0,50,22648.0,Petrol,97,1,0,1400,5,1060,CHF
9330.0,50,22500.0,Petrol,97,1,0,1400,3,1025,CHF
9070.0,56,19313.0,Petrol,97,0,0,1400,3,1025,CHF
9027.0,50,17619.0,Petrol,110,0,0,1600,4,1030,CHF
10600.0,51,17069.0,Petrol,97,1,0,1400,3,1025,EURO
9027.0,48,15000.0,Petrol,97,1,0,1400,3,1025,CHF
12950.0,50,10210.0,Petrol,97,0,0,1400,5,1065,EURO
9718.0,47,5309.0,Petrol,110,1,1,1600,3,1070,CHF
6479.0,50,1.0,Diesel,90,1,0,2000,3,1260,CHF
7731.0,52,31000.0,Petrol,97,0,0,1398,3,1025,CHF
6004.0,58,205000.0,Diesel,72,1,0,2000,4,1100,CHF
6825.0,68,204250.0,Diesel,72,0,0,2000,3,1115,CHF
5140.0,68,194545.0,Petrol,86,0,0,1300,4,1000,CHF
6479.0,59,190900.0,Diesel,72,1,0,2000,3,1115,CHF
6479.0,62,183500.0,Diesel,72,1,0,2000,5,1140,CHF
5961.0,65,176184.0,Diesel,72,1,0,2000,3,1115,CHF
4968.0,67,174833.0,Diesel,72,0,0,2000,4,1100,CHF
6950.0,68,155720.0,Petrol,86,1,0,1300,3,1015,EURO
6868.0,67,155500.0,Petrol,110,1,0,1600,5,1050,CHF
7750.0,59,154783.0,Diesel,72,1,0,2000,3,1120,EURO
6868.0,64,154462.0,Diesel,72,1,0,2000,5,1135,CHF
7127.0,64,150585.0,Petrol,110,1,0,1600,3,1065,CHF
5399.0,67,149000.0,Diesel,90,1,0,2000,5,1135,CHF
8207.0,62,147636.0,Diesel,72,0,0,2000,5,1135,CHF
5961.0,59,144521.0,Diesel,72,1,0,2000,5,1135,CHF
7299.0,64,144000.0,CNG,110,1,0,1600,3,1065,CHF
6350.0,65,140168.0,Diesel,72,1,0,2000,3,1115,CHF
7731.0,68,140000.0,Petrol,110,1,0,1600,5,1085,CHF
5961.0,60,139800.0,Diesel,72,0,0,2000,3,1115,CHF
7731.0,59,137050.0,CNG,110,1,0,1600,3,1078,CHF
7559.0,61,136956.0,Petrol,110,0,0,1600,3,1065,CHF
6868.0,67,135337.0,CNG,110,1,0,1600,5,1120,CHF
7731.0,64,133769.0,Diesel,72,1,0,2000,3,1120,CHF
7731.0,58,133405.0,Diesel,72,1,0,2000,5,1135,CHF
7731.0,65,132807.0,Diesel,72,1,0,2000,5,1135,CHF
6868.0,64,132393.0,Diesel,72,0,0,2000,5,1135,CHF
6694.0,60,130270.0,Petrol,110,0,0,1600,3,1050,CHF
6479.0,59,130000.0,Diesel,72,1,0,2000,4,1135,CHF
7731.0,67,127000.0,Diesel,72,1,0,2000,5,1135,CHF
8466.0,67,126800.0,Diesel,72,0,0,2000,5,1135,CHF
8163.0,66,126452.0,Petrol,110,1,0,1600,5,1085,CHF
7731.0,62,125175.0,Diesel,116,0,0,2000,5,1150,CHF
8750.0,68,125000.0,Diesel,72,1,0,2000,3,1115,EURO
9070.0,61,123000.0,Diesel,72,0,0,2000,5,1135,CHF
6907.0,59,121626.0,Petrol,86,0,0,1300,5,1050,CHF
9027.0,64,120400.0,Petrol,110,0,0,1600,5,1090,CHF
8595.0,66,120000.0,Diesel,72,0,0,2000,4,1100,CHF
8595.0,68,119541.0,Petrol,110,0,0,1600,3,1055,CHF
7731.0,68,119500.0,Petrol,110,1,0,1600,5,1070,CHF
6868.0,68,119289.0,Petrol,110,1,0,1600,4,1035,CHF
10950.0,57,118833.0,Petrol,110,0,0,1600,3,1065,EURO
8595.0,64,118000.0,Diesel,72,1,0,2000,5,1150,CHF
7429.0,68,117955.0,Petrol,110,1,1,1600,4,1065,CHF
6263.0,65,117609.0,Petrol,86,0,0,1300,3,1015,CHF
6004.0,68,117000.0,Diesel,72,0,0,2000,3,1115,CHF
8000.0,64,116000.0,Petrol,86,0,0,1300,5,1045,EURO
8595.0,58,115715.0,Petrol,110,0,0,1600,5,1070,CHF
8163.0,60,115191.0,CNG,110,1,0,1600,4,1079,CHF
"7,898.2£",68,71472.67080745341,Petrol,110,1,0,1600,3,1055,GBP
8163.0,63,115000.0,CNG,110,0,0,1600,3,1109,CHF
8595.0,64,114846.0,Petrol,110,1,0,1600,5,1075,CHF
6004.0,65,114383.0,Diesel,90,0,0,2000,3,1260,CHF
8250.0,59,113700.0,Petrol,110,1,0,1600,5,1065,EURO
8595.0,67,113118.0,Petrol,86,1,0,1300,3,1020,CHF
7127.0,59,112827.0,Petrol,86,1,0,1300,5,1040,CHF
8595.0,68,112116.0,Petrol,110,1,0,1600,5,1070,CHF
9070.0,66,112000.0,Petrol,110,1,0,1600,3,1065,CHF
6868.0,62,112000.0,Diesel,72,0,0,2000,4,1135,CHF
8423.0,65,111769.0,Petrol,110,0,0,1600,3,1065,CHF
7990.0,61,110853.0,Petrol,110,1,0,1600,5,1070,CHF
8207.0,68,110287.0,Petrol,110,1,0,1600,3,1050,CHF
8595.0,62,109547.0,Petrol,110,0,0,1600,5,1075,CHF
6694.0,63,109230.0,Petrol,110,0,0,1600,3,1050,CHF
8207.0,68,109150.0,Petrol,110,0,0,1600,5,1075,CHF
8595.0,67,108793.0,Petrol,110,1,0,1600,4,1035,CHF
8423.0,64,106784.0,Petrol,110,0,1,1600,3,1050,CHF
8423.0,58,105942.0,Petrol,86,0,0,1300,5,1040,CHF
5140.0,59,105000.0,Petrol,86,1,0,1300,3,1015,CHF
8500.0,62,105000.0,Petrol,86,0,0,1300,5,1040,EURO
7338.0,68,104299.0,Petrol,110,1,0,1600,5,1085,CHF
7990.0,67,104000.0,Petrol,86,0,0,1300,3,1020,CHF
5961.0,68,104000.0,Petrol,86,1,0,1300,3,1015,CHF
7731.0,58,103458.0,Petrol,86,1,0,1300,3,1025,CHF
8207.0,63,103400.0,Petrol,110,1,0,1600,5,1075,CHF
7990.0,63,102807.0,Petrol,86,0,0,1300,5,1055,CHF
8548.0,68,102494.0,Petrol,110,0,0,1600,5,1090,CHF
8595.0,57,102300.0,Diesel,72,1,0,2000,5,1135,CHF
6868.0,61,102106.0,Petrol,110,0,0,1600,3,1050,CHF
7559.0,68,101889.0,Petrol,110,1,0,1600,5,1075,CHF
7127.0,57,101791.0,Diesel,72,0,0,2000,3,1115,CHF
7731.0,63,101469.0,Petrol,110,1,0,1600,3,1065,CHF
7731.0,68,101001.0,Petrol,110,0,0,1600,5,1075,CHF
7731.0,61,100748.0,Petrol,110,0,0,1600,5,1070,CHF
7731.0,65,100550.0,Petrol,110,1,0,1600,5,1075,CHF
8163.0,67,99781.0,Petrol,110,1,0,1600,5,1085,CHF
8950.0,59,98658.0,Petrol,86,1,0,1300,3,1020,EURO
7990.0,65,98500.0,Petrol,110,1,0,1600,5,1075,CHF
7559.0,64,98291.0,Petrol,86,0,0,1300,4,1000,CHF
8595.0,61,97648.0,Petrol,110,1,0,1600,3,1065,CHF
8595.0,61,97425.0,Petrol,110,1,0,1600,5,1075,CHF
8552.0,65,97173.0,Petrol,86,0,0,1300,3,1015,CHF
7731.0,66,97046.0,Petrol,86,1,0,1300,4,1000,CHF
7731.0,67,96000.0,Petrol,110,1,0,1600,3,1050,CHF
10582.0,60,96000.0,Diesel,72,0,0,2000,4,1100,CHF
7990.0,67,95750.0,Petrol,110,1,0,1600,5,1070,CHF
8854.0,61,95147.0,Petrol,110,1,0,1600,3,1050,CHF
7731.0,68,95000.0,Petrol,110,0,0,1600,3,1050,CHF
6910.0,65,95000.0,Petrol,110,1,0,1600,3,1050,CHF
9900.0,66,94606.0,Petrol,110,0,0,1600,3,1065,EURO
7127.0,63,94504.0,Petrol,86,1,0,1300,4,1000,CHF
9070.0,65,93428.0,Petrol,110,1,0,1600,5,1075,CHF
7299.0,65,93408.0,Petrol,86,0,0,1300,3,1015,CHF
8552.0,68,93296.0,Petrol,110,1,0,1600,5,1090,CHF
9070.0,62,93098.0,Petrol,110,1,0,1600,5,1075,CHF
7343.0,67,92922.0,Diesel,72,1,0,2000,4,1100,CHF
8207.0,61,92498.0,Petrol,110,1,0,1600,3,1050,CHF
8163.0,65,92226.0,Petrol,110,0,0,1600,3,1065,CHF
8552.0,68,91505.0,Diesel,72,0,0,2000,3,1115,CHF
8250.0,64,91333.0,Petrol,110,1,0,1600,3,1050,EURO
8750.0,65,91246.0,Petrol,86,1,0,1300,3,1015,EURO
8207.0,58,91000.0,Petrol,110,1,0,1600,5,1075,CHF
7299.0,68,90727.0,Petrol,110,0,0,1600,3,1050,CHF
7334.0,62,90000.0,Petrol,110,0,0,1600,3,1050,CHF
7559.0,60,89576.0,Petrol,110,0,0,1600,4,1035,CHF
8423.0,64,89145.0,Petrol,86,1,0,1300,3,1025,CHF
8595.0,63,89000.0,Petrol,110,1,0,1600,5,1085,CHF
7343.0,68,88807.0,Petrol,110,0,0,1600,3,1050,CHF
7299.0,63,88685.0,Petrol,110,0,0,1600,5,1070,CHF
6825.0,62,88667.0,Petrol,110,1,0,1600,4,1040,CHF
7559.0,57,88480.0,Petrol,110,1,0,1600,3,1050,CHF
6868.0,61,88127.0,Petrol,86,0,0,1300,3,1015,CHF
5961.0,62,88000.0,Petrol,86,0,0,1300,3,1020,CHF
7040.0,65,87821.0,Petrol,86,1,0,1300,3,1015,CHF
9498.0,59,87654.0,Petrol,86,1,1,1300,5,1065,CHF
7689.0,59,86888.0,Petrol,110,1,0,1600,3,1050,CHF
8207.0,59,86871.0,Petrol,86,1,0,1300,5,1040,CHF
8950.0,68,86714.0,Petrol,110,1,0,1600,4,1035,EURO
9934.0,65,85889.0,Petrol,110,0,0,1600,3,1065,CHF
9027.0,62,85000.0,Petrol,110,1,0,1600,3,1050,CHF
9070.0,60,85000.0,Petrol,86,1,0,1300,3,1025,CHF
7990.0,68,84976.0,Petrol,110,1,0,1600,4,1035,CHF
9459.0,65,84558.0,Petrol,110,1,0,1600,5,1120,CHF
9027.0,62,84549.0,Petrol,110,0,0,1600,5,1075,CHF
7990.0,68,84482.0,Petrol,110,1,0,1600,5,1075,CHF
7559.0,62,83908.0,Petrol,110,1,0,1600,5,1070,CHF
7559.0,67,83560.0,Petrol,86,0,0,1300,3,1015,CHF
8466.0,68,83000.0,Petrol,107,1,1,1600,5,1100,CHF
7127.0,64,82723.0,Petrol,86,0,0,1300,3,1015,CHF
9027.0,62,82421.0,Petrol,110,1,0,1600,3,1065,CHF
9750.0,58,82254.0,Petrol,110,0,0,1600,5,1050,EURO
7731.0,61,82115.0,Petrol,110,1,0,1600,3,1055,CHF
6435.0,65,82000.0,Petrol,86,1,0,1300,3,1015,CHF
8450.0,68,81965.0,Petrol,86,1,0,1300,5,1035,EURO
7127.0,66,81250.0,Petrol,110,0,0,1600,3,1050,CHF
9459.0,65,81192.0,Petrol,110,1,0,1600,3,1065,CHF
8950.0,61,81170.0,Petrol,110,1,0,1600,4,1040,EURO
7559.0,66,81083.0,Petrol,86,0,0,1300,3,1015,CHF
9027.0,61,80714.0,Petrol,110,1,0,1600,5,1075,CHF
9459.0,57,80470.0,Petrol,110,0,0,1600,5,1085,CHF
7299.0,65,80439.0,Petrol,110,1,0,1600,4,1035,CHF
8595.0,59,80430.0,Petrol,110,1,0,1600,3,1065,CHF
8595.0,68,80426.0,Petrol,110,1,0,1600,3,1055,CHF
8750.0,62,80265.0,Petrol,86,0,0,1300,3,1015,EURO
8595.0,65,80153.0,Petrol,110,0,0,1600,5,1070,CHF
8207.0,68,80121.0,Petrol,110,0,0,1600,5,1070,CHF
7127.0,65,80086.0,Petrol,110,1,0,1600,4,1035,CHF
9459.0,62,80000.0,Petrol,110,0,0,1600,5,1075,CHF
6868.0,60,80000.0,Petrol,86,0,0,1300,5,1015,CHF
7127.0,65,80000.0,Petrol,86,1,0,1300,2,1015,CHF
8548.0,67,79858.0,Petrol,110,1,0,1600,4,1040,CHF
7887.0,67,79762.0,Petrol,86,1,0,1300,3,1015,CHF
9459.0,59,79660.0,Petrol,86,0,1,1300,5,1065,CHF
9070.0,60,79150.0,Petrol,110,1,0,1600,5,1075,CHF
7689.0,61,79000.0,Petrol,110,1,0,1600,3,1050,CHF
8207.0,57,78955.0,Petrol,86,1,0,1300,5,1045,CHF
9459.0,59,78750.0,Diesel,90,1,0,1975,5,1155,CHF
6868.0,68,78521.0,Petrol,86,0,0,1300,3,1015,CHF
6868.0,64,78356.0,Petrol,86,1,0,1300,3,1015,CHF
6868.0,65,78076.0,Petrol,86,1,0,1300,3,1015,CHF
8207.0,61,78063.0,Petrol,107,1,1,1600,5,1100,CHF
9459.0,67,77821.0,Petrol,110,1,0,1600,5,1075,CHF
8423.0,68,77695.0,Petrol,110,1,0,1600,4,1035,CHF
8423.0,65,77500.0,Petrol,110,1,0,1600,3,1050,CHF
8163.0,63,77457.0,Petrol,110,1,0,1600,3,1055,CHF
8950.0,68,77029.0,Petrol,86,1,0,1300,3,1015,EURO
7731.0,68,77008.0,Petrol,86,1,0,1300,3,1015,CHF
7689.0,66,76791.0,Petrol,110,1,0,1600,5,1070,CHF
8595.0,61,76700.0,Petrol,86,1,0,1300,5,1035,CHF
7559.0,67,76569.0,Petrol,86,1,0,1300,3,1020,CHF
7731.0,59,76162.0,Petrol,110,1,0,1600,5,1075,CHF
8990.0,65,76155.0,Petrol,110,1,0,1600,4,1035,EURO
7731.0,61,75609.0,Petrol,86,1,0,1300,3,1015,CHF
7731.0,62,75569.0,Diesel,72,1,0,2000,3,1120,CHF
8595.0,67,75429.0,Petrol,110,1,0,1600,3,1065,CHF
8552.0,68,75000.0,Petrol,110,1,0,1600,5,1075,CHF
7731.0,65,75000.0,Petrol,86,0,0,1300,3,1015,CHF
7731.0,62,75000.0,Petrol,110,1,0,1600,5,1070,CHF
8207.0,66,74963.0,Petrol,107,0,1,1600,3,1085,CHF
6868.0,68,74889.0,Petrol,86,1,0,1300,3,1015,CHF
6694.0,68,74875.0,Petrol,110,0,0,1600,5,1070,CHF
7731.0,63,74747.0,Petrol,110,1,0,1600,5,1075,CHF
10323.0,60,74720.0,Petrol,110,1,0,1600,5,1085,CHF
7731.0,62,74457.0,Petrol,110,0,0,1600,5,1075,CHF
10323.0,60,74337.0,Petrol,86,0,0,1300,5,1035,CHF
7731.0,68,74308.0,Petrol,110,0,0,1600,3,1050,CHF
8595.0,64,74193.0,Petrol,110,0,0,1600,3,1050,CHF
7127.0,65,74179.0,Petrol,110,1,0,1600,3,1050,CHF
7770.0,67,73936.0,Petrol,86,1,0,1300,5,1050,CHF
8634.0,61,73894.0,Petrol,110,1,0,1600,3,1065,CHF
7990.0,64,73500.0,Petrol,110,1,0,1600,3,1050,CHF
9459.0,64,73376.0,Petrol,110,0,0,1600,5,1070,CHF
7689.0,64,73300.0,Petrol,86,1,0,1300,3,1015,CHF
8207.0,58,73172.0,Petrol,110,1,0,1600,5,1075,CHF
9950.0,58,72928.0,Petrol,110,1,0,1600,5,1075,EURO
6868.0,67,72880.0,Petrol,86,1,0,1332,3,1015,CHF
7127.0,63,72522.0,Petrol,110,1,0,1600,3,1050,CHF
8163.0,64,72000.0,Petrol,86,1,0,1300,3,1015,CHF
7950.0,57,72000.0,Petrol,86,0,0,1300,3,1015,EURO
8207.0,59,71366.0,Petrol,110,0,0,1600,3,1065,CHF
7731.0,65,71317.0,Petrol,110,0,0,1600,3,1050,CHF
9459.0,62,71000.0,Petrol,110,0,0,1600,5,1070,CHF
7731.0,60,70954.0,Petrol,110,0,0,1600,3,1050,CHF
8163.0,63,70908.0,Petrol,86,0,0,1300,5,1035,CHF
6910.0,58,70560.0,Petrol,110,1,0,1600,3,1050,CHF
8552.0,67,70552.0,Petrol,110,0,0,1600,5,1075,CHF
7731.0,62,70500.0,Petrol,110,1,0,1600,5,1035,CHF
9416.0,60,70453.0,Diesel,72,0,0,2000,5,1135,CHF
8163.0,59,70218.0,Petrol,110,1,0,1600,3,1050,CHF
7299.0,64,70116.0,Petrol,110,1,0,1600,4,1035,CHF
8207.0,65,70068.0,Petrol,110,1,0,1600,5,1075,CHF
9070.0,67,70000.0,Petrol,107,1,1,1587,3,1065,CHF
6004.0,68,70000.0,Petrol,86,1,0,1300,3,1015,CHF
8423.0,68,69103.0,Petrol,110,0,0,1600,4,1035,CHF
6004.0,58,69022.0,Petrol,86,1,0,1300,5,1035,CHF
8336.0,67,69000.0,Petrol,110,1,0,1600,3,1065,CHF
8595.0,68,68865.0,Petrol,110,1,0,1600,3,1065,CHF
7990.0,58,68723.0,Petrol,86,0,0,1300,3,1025,CHF
7731.0,63,68453.0,Petrol,110,1,0,1600,5,1070,CHF
9900.0,63,68238.0,Petrol,86,0,0,1300,5,1050,EURO
9498.0,63,68153.0,Petrol,110,1,0,1600,5,1085,CHF
9070.0,65,68000.0,Petrol,110,0,0,1600,5,1075,CHF
8950.0,65,68000.0,Petrol,86,1,0,1300,3,1015,EURO
8423.0,67,67762.0,Petrol,110,1,0,1600,3,1065,CHF
9459.0,68,67146.0,Petrol,110,1,0,1600,5,1075,CHF
8423.0,67,67110.0,Petrol,86,1,0,1300,5,1035,CHF
8595.0,59,67010.0,Petrol,110,1,0,1600,3,1065,CHF
9070.0,65,67003.0,Petrol,110,1,0,1600,4,1035,CHF
8984.0,68,66785.0,Petrol,86,0,1,1300,3,1045,CHF
7602.0,68,66550.0,Petrol,86,0,0,1332,3,1010,CHF
10500.0,61,66259.0,Petrol,110,1,0,1600,3,1065,EURO
7990.0,62,66082.0,Petrol,110,0,0,1600,5,1070,CHF
6738.0,65,66000.0,Petrol,86,1,0,1300,3,1015,CHF
9950.0,61,66000.0,Petrol,110,0,0,1600,3,1050,EURO
9287.0,63,65896.0,Petrol,110,1,0,1600,3,1065,CHF
9459.0,67,65785.0,Petrol,110,1,0,1600,5,1075,CHF
8595.0,65,65513.0,Petrol,110,1,1,1600,4,1070,CHF
8595.0,59,65463.0,Petrol,110,1,0,1600,5,1070,CHF
8100.0,68,65400.0,Petrol,86,1,0,1300,4,1000,EURO
7990.0,60,65259.0,Petrol,110,1,0,1600,3,1050,CHF
6738.0,64,65000.0,Petrol,110,1,0,1600,3,1050,CHF
7774.0,68,65000.0,Petrol,110,0,0,1600,5,1070,CHF
7731.0,57,65000.0,Petrol,110,0,0,1600,4,1035,CHF
7731.0,62,64966.0,Petrol,86,0,0,1300,3,1020,CHF
8595.0,68,64950.0,Petrol,110,1,0,1600,5,1075,CHF
7343.0,60,64914.0,Petrol,110,1,0,1600,5,1070,CHF
6907.0,62,64797.0,Petrol,110,1,0,1600,5,1075,CHF
7559.0,65,64772.0,Petrol,110,1,0,1600,3,1050,CHF
8423.0,63,64690.0,Petrol,86,0,0,1300,3,1020,CHF
9459.0,65,64630.0,Petrol,110,0,0,1600,5,1070,CHF
8423.0,67,64613.0,Petrol,110,1,0,1600,5,1085,CHF
7084.0,60,64383.0,Petrol,86,0,0,1300,3,1015,CHF
7731.0,68,64000.0,Petrol,110,0,0,1600,5,1075,CHF
8207.0,66,63881.0,Petrol,86,0,0,1300,3,1015,CHF
9459.0,58,63870.0,Diesel,72,0,0,2000,5,1135,CHF
8423.0,66,63328.0,Petrol,86,0,1,1300,5,1065,CHF
8595.0,65,63000.0,Petrol,86,1,1,1300,5,1065,CHF
9027.0,61,63000.0,Petrol,86,0,1,1300,3,1050,CHF
8509.0,65,62396.0,Petrol,110,0,0,1600,3,1050,CHF
8163.0,62,62377.0,Petrol,110,1,0,1600,5,1075,CHF
8893.0,67,62316.0,Petrol,110,1,0,1600,3,1050,CHF
9750.0,68,62292.0,Petrol,110,1,0,1600,3,1065,EURO
7731.0,65,62225.0,Petrol,110,1,0,1600,3,1050,CHF
8552.0,68,62222.0,Petrol,110,0,0,1600,5,1075,CHF
7559.0,66,62135.0,Petrol,86,1,0,1300,5,1035,CHF
8595.0,58,62024.0,Petrol,110,1,0,1600,5,1075,CHF
7343.0,60,61977.0,Petrol,86,1,0,1300,3,1015,CHF
8595.0,62,61930.0,Petrol,110,1,0,1600,4,1035,CHF
9459.0,57,61682.0,Petrol,110,0,0,1600,3,1050,CHF
8461.0,68,61568.0,Petrol,110,1,0,1600,4,1035,CHF
7559.0,68,61504.0,Petrol,110,1,0,1600,4,1035,CHF
7127.0,65,61384.0,Petrol,110,1,0,1600,3,1050,CHF
8595.0,58,61343.0,Petrol,110,1,0,1600,5,1075,CHF
8595.0,62,61254.0,Petrol,110,0,0,1600,5,1075,CHF
9070.0,59,61166.0,Petrol,110,1,0,1600,3,1050,CHF
8423.0,62,61149.0,Petrol,86,1,0,1300,5,1040,CHF
9718.0,61,61144.0,Petrol,110,1,0,1600,5,1090,CHF
7689.0,59,61127.0,Petrol,110,1,0,1600,3,1050,CHF
7950.0,60,61100.0,Petrol,86,1,0,1300,3,1015,EURO
9934.0,68,61100.0,Petrol,110,1,0,1600,5,1075,CHF
8163.0,57,61000.0,Petrol,110,1,0,1600,3,1050,CHF
6907.0,65,60724.0,Petrol,86,1,0,1300,3,1015,CHF
9498.0,59,60708.0,Petrol,86,1,0,1300,5,1045,CHF
7731.0,61,60532.0,Petrol,110,1,0,1600,3,1050,CHF
8250.0,67,60000.0,Petrol,86,0,1,1300,4,1030,EURO
7731.0,66,60000.0,Petrol,86,1,0,1300,3,1015,CHF
7731.0,65,60000.0,Petrol,86,1,0,1300,3,1015,CHF
8207.0,62,59295.0,Petrol,86,0,0,1300,5,1035,CHF
6479.0,65,59264.0,Petrol,86,0,0,1300,3,1015,CHF
7731.0,63,59000.0,Petrol,110,0,0,1600,3,1050,CHF
8595.0,63,59000.0,Petrol,86,1,0,1300,5,1035,CHF
8423.0,65,59000.0,Petrol,110,0,0,1600,5,1075,CHF
8163.0,61,59000.0,Petrol,110,1,0,1600,5,1070,CHF
8595.0,65,59000.0,Petrol,110,0,0,1600,3,1050,CHF
8423.0;68;58860.0;Petrol;110;1;0;1600;3;1055;CHF
7731.0,65,58829.0,Petrol,110,0,0,1600,3,1050,CHF
7127.0,66,58654.0,Petrol,110,1,0,1600,5,1070,CHF
6694.0,65,58300.0,Petrol,86,1,0,1300,3,1015,CHF
7731.0,60,58269.0,Petrol,110,1,0,1600,3,1050,CHF
8595.0,64,58136.0,Petrol,110,1,0,1600,5,1075,CHF
8163.0,66,58113.0,Petrol,107,1,1,1600,3,1085,CHF
11187.0,67,58058.0,Petrol,110,1,0,1600,3,1065,CHF
8595.0,58,58000.0,Petrol,110,1,0,1600,3,1050,CHF
9066.0,62,58000.0,Petrol,110,1,0,1600,3,1065,CHF
6868.0,68,57565.0,Petrol,86,1,0,1300,5,1035,CHF
9070.0,63,57413.0,Petrol,107,0,1,1600,5,1115,CHF
7731.0,65,57374.0,Petrol,110,1,0,1600,5,1075,CHF
9900.0,62,57179.0,Petrol,110,1,0,1600,5,1075,EURO
8634.0,61,57169.0,Petrol,110,1,0,1600,3,1065,CHF
8595.0,63,57124.0,Petrol,110,1,0,1600,3,1065,CHF
"9,884.25",63,35403.72670807453,Petrol,110,1,0,1600,3,1050,GBP
7127.0,67,57000.0,Petrol,110,0,0,1600,3,1050,CHF
8595.0,63,57000.0,Petrol,86,1,0,1300,5,1035,CHF
7731.0,59,56259.0,Petrol,86,0,0,1300,3,1015,CHF
9459.0,62,56209.0,Petrol,107,1,1,1600,3,1080,CHF
7990.0,67,56074.0,Petrol,86,0,0,1300,4,1000,CHF
8595.0,63,55942.0,Petrol,110,1,0,1600,5,1070,CHF
8634.0,57,55844.0,Petrol,86,1,0,1300,5,1045,CHF
7559.0,61,55747.0,Petrol,86,0,0,1300,3,1020,CHF
9459.0,58,55478.0,Petrol,86,0,0,1300,5,1045,CHF
10350.0,60,55085.0,Petrol,107,0,1,1600,5,1105,EURO
8595.0,65,55061.0,Petrol,110,1,0,1600,5,1070,CHF
7731.0,65,55000.0,Petrol,86,1,0,1300,3,1015,CHF
9459.0,57,55000.0,Petrol,110,0,0,1600,5,1075,CHF
9459.0,63,54936.0,Petrol,110,1,0,1600,5,1075,CHF
8950.0,68,54875.0,Petrol,110,1,0,1600,5,1070,EURO
7689.0,67,54847.0,Petrol,110,0,0,1600,3,1050,CHF
8854.0,60,54554.0,Petrol,110,1,0,1600,3,1065,CHF
8163.0,61,54125.0,Petrol,110,1,0,1600,5,1035,CHF
7990.0,61,54000.0,Petrol,110,1,0,1600,3,1055,CHF
9070.0,57,54000.0,Petrol,110,1,0,1600,5,1075,CHF
6350.0,58,54000.0,Petrol,86,0,0,1300,5,1035,CHF
8854.0,57,54000.0,Petrol,110,1,0,1600,3,1135,CHF
8854.0,62,53285.0,Petrol,110,1,0,1600,5,1075,CHF
9934.0,65,53053.0,Petrol,110,1,0,1600,5,1075,CHF
7731.0,68,53000.0,Petrol,110,1,1,1587,3,1075,CHF
6694.0,68,53000.0,Petrol,86,0,0,1300,3,1015,CHF
8207.0,64,52968.0,Petrol,110,1,0,1600,3,1050,CHF
7299.0,67,52800.0,Petrol,86,1,0,1300,3,1015,CHF
8950.0,57,52548.0,Petrol,110,0,0,1600,3,1050,EURO
7256.0,60,52487.0,Petrol,110,1,0,1600,4,1035,CHF
7990.0,66,52383.0,Petrol,86,0,0,1300,3,1015,CHF
7689.0,61,52112.0,Petrol,110,1,0,1600,4,1035,CHF
7559.0,58,51712.0,Petrol,110,0,0,1600,3,1050,CHF
9459.0,58,51421.0,Petrol,110,0,1,1600,5,1105,CHF
7731.0,61,51235.0,Petrol,86,1,0,1300,4,1000,CHF
7731.0,65,51000.0,Petrol,86,1,0,1300,3,1015,CHF
7684.0,61,50925.0,Petrol,110,1,0,1600,5,1070,CHF
8111.0,66,50806.0,Petrol,86,0,0,1300,3,1480,CHF
8750.0,59,50469.0,Petrol,110,1,0,1600,5,1070,EURO
8423.0,61,50173.0,Petrol,110,1,0,1600,5,1075,CHF
8595.0,62,50000.0,Petrol,110,1,0,1600,5,1075,CHF
9459.0,65,49942.0,Petrol,110,0,0,1600,3,1065,CHF
8552.0,67,49585.0,Petrol,110,0,0,1600,5,1085,CHF
8207.0,62,49258.0,Petrol,110,1,0,1600,4,1035,CHF
8595.0,61,49000.0,Petrol,110,0,0,1600,3,1050,CHF
8595.0,63,48738.0,Petrol,110,0,0,1600,5,1055,CHF
9070.0,62,47750.0,Petrol,86,1,0,1300,5,1040,CHF
8595.0,63,47612.0,Petrol,86,0,0,1300,3,1015,CHF
9066.0,68,47500.0,Petrol,86,1,0,1300,5,1035,CHF
8207.0,66,47237.0,Petrol,110,0,0,1600,3,1050,CHF
7343.0,58,47171.0,Petrol,86,1,0,1300,3,1015,CHF
10450.0,60,47060.0,Petrol,110,0,0,1600,4,1035,EURO
7731.0,65,47014.0,Petrol,86,1,0,1300,3,1015,CHF
8552.0,59,46929.0,Petrol,86,1,0,1300,3,1025,CHF
7689.0,63,46000.0,Petrol,86,0,0,1300,5,1035,CHF
7554.0,65,45681.0,Petrol,110,0,0,1600,3,1050,CHF
7559.0,65,45549.0,Petrol,86,1,0,1300,3,1015,CHF
9287.0,57,45000.0,Petrol,110,1,0,1600,5,1050,CHF
9750.0,57,45000.0,Petrol,110,1,0,1600,3,1050,EURO
7645.0,65,45000.0,Petrol,110,0,0,1600,5,1075,CHF
6868.0,66,45000.0,Petrol,86,1,0,1300,5,1035,CHF
8163.0,63,45000.0,Petrol,110,1,0,1600,4,1035,CHF
8595.0,61,45000.0,Petrol,107,0,1,1600,3,1085,CHF
7127.0,63,44944.0,Petrol,110,1,0,1600,4,1035,CHF
8595.0,61,44597.0,Petrol,86,0,0,1300,3,1015,CHF
8634.0,68,44458.0,Petrol,86,0,0,1300,3,1015,CHF
8595.0,59,43818.0,Petrol,110,0,0,1600,5,1070,CHF
9066.0,60,43426.0,Petrol,110,1,0,1600,5,1070,CHF
6868.0,58,43000.0,CNG,110,1,1,1600,4,1114,CHF
7731.0,68,43000.0,Petrol,110,1,0,1600,5,1035,CHF
9695.0,57,43000.0,Petrol,110,0,0,1600,5,1075,EURO
6694.0,64,43000.0,Petrol,86,0,0,1300,3,1015,CHF
8595.0,68,42750.0,Petrol,110,1,0,1600,3,1050,CHF
8595.0,67,42102.0,Petrol,110,1,0,1600,5,1075,CHF
8595.0,63,41586.0,Petrol,110,1,0,1600,5,1114,CHF
8552.0,64,41200.0,Petrol,110,0,0,1600,5,1070,CHF
9459.0,57,40214.0,Petrol,86,0,0,1300,3,1025,CHF
7731.0,60,40000.0,Petrol,86,1,0,1300,4,1000,CHF
7731.0,66,39222.0,Petrol,86,1,1,1300,3,1045,CHF
7127.0,66,39144.0,Petrol,110,1,0,1600,3,1050,CHF
8854.0,62,39000.0,Petrol,110,1,0,1600,5,1075,CHF
7559.0,61,38019.0,Petrol,110,1,0,1600,5,1070,CHF
8423.0,68,37759.0,Petrol,110,1,0,1600,5,1070,CHF
10950.0,61,37500.0,Petrol,110,0,0,1600,5,1085,EURO
9459.0,60,37111.0,Petrol,110,1,0,1600,3,1050,CHF
8423.0,62,37000.0,Petrol,86,0,0,1300,3,1015,CHF
7689.0,59,36954.0,Petrol,110,1,0,1600,3,1050,CHF
8207.0,60,36943.0,Petrol,110,0,0,1600,5,1070,CHF
8595.0,63,36923.0,Petrol,86,0,0,1300,5,1050,CHF
8595.0,66,36658.0,Petrol,110,0,0,1600,3,1050,CHF
8250.0,65,36000.0,Petrol,86,1,0,1300,3,1015,EURO
10450.0,65,36000.0,Petrol,110,1,0,1600,3,1065,EURO
9459.0,62,35512.0,Petrol,110,1,0,1600,3,1065,CHF
7990.0,65,35283.0,Petrol,86,1,0,1300,3,1015,CHF
"8,842.349999999999",68,21739.130434782608,Petrol,110,1,0,1600,3,1050,GBP
9416.0,57,35000.0,Petrol,86,1,0,1300,5,1045,CHF
8423.0,64,34114.0,Petrol,110,0,0,1600,3,1050,CHF
10323.0,58,34000.0,Petrol,110,0,0,1600,5,1075,CHF
6825.0,68,33847.0,Petrol,86,1,0,1300,4,1000,CHF
9416.0,57,33535.0,Petrol,110,0,0,1600,4,1035,CHF
9027.0,65,33000.0,Petrol,110,0,0,1600,3,1050,CHF
9459.0,59,32150.0,Petrol,110,1,0,1600,5,1085,CHF
8595.0,65,31588.0,Petrol,86,1,0,1300,3,1015,CHF
9287.0,60,31480.0,Petrol,110,1,0,1600,3,1065,CHF
8552.0,57,31307.0,Petrol,110,1,0,1600,5,1070,CHF
9287.0,68,31000.0,Petrol,110,1,0,1600,4,1035,CHF
9027.0,58,30634.0,Petrol,110,1,0,1600,5,1075,CHF
8163.0,68,30300.0,Petrol,86,1,0,1300,4,1000,CHF
9287.0,60,28500.0,Petrol,86,1,1,1300,3,1045,CHF
9459.0,60,28500.0,Petrol,110,0,0,1600,5,1075,CHF
8638.0,57,28000.0,Petrol,86,0,0,1300,3,1015,CHF
9070.0,68,26698.0,Petrol,110,0,0,1600,3,1055,CHF
10798.0,62,26000.0,Petrol,107,0,1,1600,3,1085,CHF
7731.0,62,25505.0,Petrol,86,1,0,1300,5,1035,CHF
9070.0,58,25000.0,Petrol,110,1,0,1600,5,1075,CHF
7986.0,66,22835.0,Petrol,110,1,0,1600,3,1050,CHF
10950.0,59,22705.0,Petrol,110,1,0,1600,5,1075,EURO
8207.0,63,22178.0,Petrol,86,1,0,1300,3,1015,CHF
9416.0,62,17345.0,Petrol,110,1,0,1600,3,1050,CHF
9459.0,67,15535.0,Petrol,86,1,1,1300,4,1030,CHF
8163.0,66,15110.0,Petrol,86,0,0,1300,5,1035,CHF
5096.0,73,232940.0,Diesel,72,0,0,2000,5,1172,CHF
6004.0,79,218118.0,Diesel,72,0,0,2000,5,1150,CHF
5183.0,78,217764.0,Diesel,72,1,0,2000,5,1135,CHF
4535.0,79,207114.0,CNG,110,1,0,1600,5,1114,CHF
3801.0,74,203254.0,Diesel,72,1,0,2000,3,1135,CHF
5830.0,77,200732.0,Diesel,72,1,0,2000,4,1100,CHF
"8,449.999",69,122671.42857142857,Diesel,72,0,0,2000,5,1135,GBP
5312.0,80,194765.0,Diesel,72,0,0,2000,3,1120,CHF
6004.0,76,191620.0,Diesel,72,0,0,2000,5,1150,CHF
4967.0,76,183277.0,Diesel,72,0,0,2000,3,1115,CHF
7559.0,78,180378.0,Diesel,72,1,0,2000,4,1100,CHF
5615.0,70,178800.0,Diesel,72,0,0,2000,3,1115,CHF
5140.0,73,176177.0,Petrol,110,1,0,1600,5,1075,CHF
6500.0,78,176000.0,Petrol,86,0,0,1300,5,1035,EURO
9070.0,77,172980.0,Diesel,72,1,0,2000,5,1135,CHF
8500.0,77,170000.0,Diesel,72,0,0,2000,4,1100,EURO
6868.0,71,164000.0,Petrol,110,1,0,1600,3,1050,CHF
5010.0,78,161775.0,Petrol,86,1,0,1300,3,1015,CHF
5830.0,80,160000.0,Petrol,86,0,0,1300,3,1015,CHF
"7,992.499999999999",78,99359.00621118012,Diesel,72,0,0,2000,3,1115,GBP
4958.0,74,159908.0,Petrol,110,0,0,1600,3,1050,CHF
5658.0,73,158492.0,Petrol,86,0,0,1300,3,1015,CHF
7731.0,69,156204.0,Diesel,72,1,0,2000,3,1115,CHF
5830.0,73,156169.0,Petrol,86,1,0,1300,5,1035,CHF
6868.0,78,155210.0,Petrol,110,0,0,1600,3,1050,CHF
6868.0,69,155000.0,Diesel,72,0,0,2000,3,1115,CHF
6435.0,76,154900.0,Diesel,72,1,0,2000,5,1140,CHF
6694.0,70,151300.0,Diesel,72,1,0,2000,5,1150,CHF
5571.0,71,151000.0,CNG,110,1,0,1600,5,1094,CHF
6825.0,75,150000.0,Diesel,72,1,0,2000,3,1135,CHF
5961.0,69,146304.0,Diesel,72,1,0,2000,3,1115,CHF
4837.0,75,146197.0,Petrol,86,0,0,1300,3,1015,CHF
5140.0,77,145996.0,Petrol,110,0,0,1600,4,1035,CHF
6004.0,80,143560.0,Petrol,86,1,1,1300,3,1045,CHF
6868.0,71,139145.0,Diesel,73,0,0,2000,2,1115,CHF
"8,890.65",79,86024.84472049688,Petrol,86,0,0,1300,5,1050,GBP
6868.0,74,137741.0,Diesel,90,1,0,2000,5,1135,CHF
9500.0,80,137178.0,Diesel,90,1,0,2000,5,1135,EURO
7429.0,76,134889.0,Diesel,72,1,0,2000,3,1115,CHF
5140.0,71,134660.0,Diesel,72,0,0,2000,5,1135,CHF
6694.0,73,134539.0,Petrol,110,0,0,1600,5,1070,CHF
6868.0,79,131500.0,Diesel,72,0,0,2000,5,1140,CHF
6004.0,77,131307.0,Petrol,110,1,0,1600,3,1050,CHF
6263.0,74,130025.0,Petrol,110,1,0,1600,3,1050,CHF
5615.0,78,130000.0,Petrol,86,0,0,1300,5,1015,CHF
6263.0,77,128960.0,Petrol,110,1,0,1600,5,1070,CHF
7990.0,80,128351.0,Petrol,110,1,0,1600,5,1070,CHF
7127.0,73,128006.0,Petrol,110,1,0,1600,3,1050,CHF
6263.0,71,127159.0,Diesel,72,1,0,2000,3,1115,CHF
4535.0,72,126478.0,Petrol,110,1,0,1600,4,1035,CHF
6825.0,77,126000.0,Petrol,110,1,0,1600,5,1050,CHF
5961.0,76,125778.0,Petrol,110,0,0,1600,3,1050,CHF
6825.0,75,125400.0,Petrol,110,0,0,1600,3,1050,CHF
6263.0,74,124910.0,Diesel,72,0,0,2000,5,1135,CHF
7299.0,70,124743.0,Petrol,110,1,0,1600,3,1050,CHF
6868.0,76,124591.0,Petrol,110,1,0,1600,5,1075,CHF
6868.0,74,124057.0,Petrol,110,1,0,1600,3,1050,CHF
"6,406.65",72,76647.82608695651,Petrol,110,1,0,1600,3,1050,GBP
6650.0,75,123104.0,Petrol,110,1,0,1600,5,1070,EURO
6868.0,74,123077.0,Petrol,86,1,0,1300,3,1015,CHF
6263.0,80,122820.0,Petrol,86,0,0,1300,5,1040,CHF
6435.0,77,122290.0,Petrol,110,0,0,1600,3,1050,CHF
6868.0,74,121900.0,Petrol,110,1,0,1600,4,1035,CHF
6263.0,77,121545.0,Petrol,110,1,0,1600,5,1070,CHF
7127.0,71,120474.0,Diesel,72,1,0,2000,3,1115,CHF
7731.0,76,120263.0,Diesel,72,1,0,2000,5,1135,CHF
6694.0,74,120196.0,Petrol,110,1,0,1600,3,1050,CHF
7343.0,71,120000.0,Petrol,110,0,0,1600,5,1085,CHF
6694.0,78,120000.0,Petrol,110,0,0,1600,5,1075,CHF
4967.0,73,115877.0,Petrol,110,0,0,1600,4,1035,CHF
5961.0,76,115345.0,Petrol,110,1,0,1600,5,1070,CHF
5615.0,71,115157.0,Petrol,110,1,0,1600,3,1050,CHF
5615.0,78,115000.0,Petrol,107,1,1,1600,5,1100,CHF
7600.0,77,114258.0,Petrol,86,1,0,1300,5,1050,EURO
7731.0,73,112963.0,Diesel,72,1,0,2000,5,1135,CHF
6435.0,74,112307.0,Petrol,110,1,0,1600,5,1070,CHF
"7,302.499999999999",72,69565.21739130434,Petrol,86,1,0,1300,3,1015,GBP
6694.0,73,111602.0,Petrol,86,1,0,1300,3,1015,CHF
6444.0,80,111392.0,CNG,110,0,0,1598,3,1083,CHF
7990.0,76,110901.0,Petrol,110,1,0,1600,5,1085,CHF
6263.0,80,110887.0,Petrol,110,1,0,1600,3,1055,CHF
5615.0,72,110634.0,Petrol,86,1,0,1300,3,1015,CHF
5874.0,80,110000.0,Petrol,110,1,0,1600,4,1035,CHF
7515.0,75,109540.0,Petrol,110,0,0,1600,5,1085,CHF
6479.0,78,109263.0,Petrol,110,0,0,1600,5,1070,CHF
6694.0,71,107516.0,Petrol,110,1,0,1600,3,1050,CHF
6868.0,73,107108.0,Petrol,110,1,0,1600,3,1050,CHF
8595.0,75,107000.0,Petrol,110,1,0,1600,3,1050,CHF
5736.0,74,106250.0,Petrol,110,0,0,1600,5,1070,CHF
7559.0,71,106150.0,Petrol,86,0,0,1300,3,1015,CHF
6694.0,72,106108.0,Petrol,110,1,0,1600,3,1050,CHF
5140.0,72,105856.0,Petrol,86,0,0,1300,3,1015,CHF
5830.0,77,105152.0,Petrol,86,0,0,1300,3,1015,CHF
5615.0,80,105135.0,Petrol,110,1,0,1600,3,1050,CHF
8750.0,76,104344.0,Petrol,110,1,0,1600,3,1050,EURO
6868.0,74,104150.0,Petrol,110,1,0,1600,3,1050,CHF
5830.0,74,104000.0,Petrol,86,1,0,1300,3,1010,CHF
6868.0,73,103121.0,Petrol,86,1,0,1300,5,1035,CHF
6868.0,80,102300.0,Petrol,86,1,0,1300,3,1015,CHF
8950.0,75,102005.0,Petrol,107,1,1,1600,5,1105,EURO
6694.0,77,102000.0,Petrol,86,1,0,1300,3,1015,CHF
5571.0,75,101855.0,Petrol,110,1,0,1600,5,1070,CHF
6900.0,74,101773.0,Petrol,110,0,0,1600,3,1050,EURO
7299.0,75,101159.0,Petrol,110,1,0,1600,5,1085,CHF
5830.0,74,101000.0,Petrol,86,0,0,1300,3,1015,CHF
6954.0,74,100732.0,Petrol,86,1,1,1300,4,1030,CHF
8207.0,79,100719.0,Petrol,110,0,0,1600,5,1070,CHF
6694.0,78,100487.0,Petrol,110,0,0,1600,4,1035,CHF
7343.0,80,100458.0,Petrol,110,0,0,1600,5,1085,CHF
6733.0,75,100192.0,Petrol,110,1,0,1600,3,1050,CHF
5607.0,80,100123.0,Petrol,110,1,0,1600,3,1050,CHF
6868.0,73,99971.0,Petrol,110,1,0,1600,3,1050,CHF
5550.0,79,99397.0,Petrol,86,0,0,1300,5,1035,CHF
7731.0,69,99374.0,Petrol,86,1,0,1300,5,1035,CHF
6004.0,72,99245.0,Petrol,110,1,0,1600,5,1114,CHF
7559.0,79,98742.0,Petrol,110,0,0,1600,5,1085,CHF
7299.0,71,98154.0,Petrol,110,1,0,1600,3,1050,CHF
6868.0,77,98000.0,Petrol,110,1,0,1600,5,1065,CHF
6868.0,80,97548.0,Petrol,86,0,0,1300,5,1035,CHF
7689.0,78,97534.0,Petrol,110,1,0,1600,5,1070,CHF
7731.0,73,97494.0,Petrol,110,1,0,1600,5,1085,CHF
7689.0,73,97085.0,Petrol,110,1,0,1600,5,1085,CHF
6868.0,69,97000.0,Petrol,110,0,0,1600,4,1035,CHF
"5,610.0",74,96302.0,Petrol,86,1,0,1300,3,1015,CHF
6263.0,78,96000.0,Petrol,86,1,0,1300,3,1015,CHF
7990.0,74,96000.0,Petrol,110,1,0,1600,5,1085,CHF
5745.0,78,95909.0,Petrol,110,1,0,1600,5,1070,CHF
6038.0,79,95700.0,Petrol,110,0,0,1600,5,1085,CHF
7750.0,78,95651.0,Petrol,110,1,0,1600,5,1070,EURO
6004.0,79,95000.0,Petrol,86,1,0,1300,5,1035,CHF
6263.0,80,94447.0,Petrol,110,0,0,1600,3,1050,CHF
8595.0,80,94079.0,Petrol,110,1,0,1600,5,1085,CHF
7990.0,80,93841.0,Petrol,110,0,0,1600,5,1070,CHF
7200.0,79,93090.0,Petrol,86,1,0,1300,5,1035,EURO
7127.0,72,93066.0,Petrol,110,1,0,1600,5,1075,CHF
7731.0,79,93039.0,Petrol,110,1,0,1600,3,1050,CHF
7127.0,77,93000.0,Petrol,110,1,0,1600,5,1075,CHF
5399.0,80,92830.0,Petrol,86,1,0,1300,3,1015,CHF
8552.0,80,92255.0,Petrol,107,0,1,1600,5,1105,CHF
7300.0,80,92096.0,Petrol,86,1,0,1300,5,1035,EURO
7731.0,72,91921.0,Petrol,86,1,0,1300,3,1020,CHF
5615.0,70,91900.0,Petrol,86,1,0,1300,3,1015,CHF
6868.0,78,91399.0,Petrol,110,1,0,1600,5,1070,CHF
6435.0,75,91082.0,Petrol,110,1,0,1600,3,1050,CHF
6868.0,71,90370.0,Petrol,86,1,0,1300,5,1035,CHF
7343.0,78,90345.0,Petrol,86,1,0,1300,5,1035,CHF
6004.0,77,90305.0,Petrol,86,1,0,1300,3,1015,CHF
6868.0,78,90011.0,Petrol,86,0,1,1300,3,1045,CHF
5830.0,77,90000.0,Petrol,86,1,0,1300,3,1015,CHF
7299.0,70,89983.0,Petrol,110,0,0,1600,3,1055,CHF
6479.0,78,89953.0,Petrol,110,0,0,1600,5,1114,CHF
7559.0,74,89800.0,Diesel,72,1,0,2000,3,1115,CHF
7559.0,79,89739.0,Petrol,86,1,0,1300,5,1035,CHF
7731.0,76,89520.0,Petrol,110,1,0,1600,3,1050,CHF
6435.0,75,89507.0,Petrol,86,0,0,1300,3,1015,CHF
7948.0,69,89096.0,Petrol,110,1,0,1600,5,1085,CHF
7731.0,74,88700.0,Petrol,110,1,0,1600,3,1050,CHF
7850.0,72,88500.0,Petrol,110,1,0,1600,5,1075,EURO
6004.0,73,88186.0,Diesel,72,1,0,2000,3,1115,CHF
6220.0,75,88000.0,Petrol,110,1,0,1600,3,1050,CHF
6435.0,78,87743.0,Petrol,110,0,0,1600,3,1055,CHF
5830.0,75,87613.0,Petrol,86,0,0,1300,3,1015,CHF
6479.0,73,87358.0,Petrol,110,1,0,1600,3,1050,CHF
6435.0,72,87083.0,Petrol,110,0,0,1600,4,1035,CHF
6868.0,70,87000.0,Petrol,110,1,0,1600,4,1035,CHF
7250.0,78,87000.0,Petrol,110,1,0,1600,4,1035,EURO
6868.0,73,87000.0,Petrol,86,1,0,1300,3,1015,CHF
7127.0,80,87000.0,Petrol,86,1,0,1300,3,1015,CHF
7127.0,72,86860.0,Petrol,110,0,0,1600,5,1075,CHF
5830.0,80,86109.0,Petrol,110,1,0,1600,3,1055,CHF
8750.0,79,86000.0,Petrol,86,1,0,1300,5,1040,EURO
7731.0,80,86000.0,Petrol,110,0,0,1600,3,1050,CHF
7343.0,70,85864.0,Diesel,72,1,0,2000,5,1135,CHF
7127.0,80,85565.0,Petrol,110,0,0,1600,5,1070,CHF
8163.0,70,85470.0,Petrol,107,0,1,1600,3,1080,CHF
6868.0,73,85200.0,Petrol,110,1,0,1600,3,1050,CHF
6825.0,70,85000.0,Petrol,110,1,0,1600,3,1055,CHF
8500.0,73,84988.0,Petrol,110,1,0,1600,3,1050,EURO
7127.0,79,84966.0,Petrol,110,0,0,1600,5,1070,CHF
7127.0,76,84472.0,Petrol,110,1,0,1600,5,1070,CHF
7731.0,73,84402.0,Petrol,110,1,0,1600,4,1035,CHF
6868.0,74,84123.0,Petrol,110,0,0,1600,3,1050,CHF
6004.0,80,84000.0,Petrol,110,0,0,1600,5,1075,CHF
6263.0,78,84000.0,Petrol,110,1,0,1600,5,1065,CHF
6694.0,77,84000.0,Petrol,110,1,0,1600,5,1085,CHF
7515.0,75,83850.0,Petrol,110,1,0,1600,3,1055,CHF
7731.0,80,83540.0,Petrol,110,1,0,1600,5,1070,CHF
5830.0,76,83405.0,Petrol,110,1,0,1600,5,1070,CHF
6479.0,71,83291.0,Petrol,110,1,0,1600,5,1070,CHF
6868.0,69,83133.0,Petrol,86,0,0,1300,3,1015,CHF
7731.0,71,83047.0,Petrol,86,1,1,1300,3,1045,CHF
6868.0,71,82700.0,Petrol,110,0,0,1600,3,1050,CHF
6435.0,78,82675.0,Petrol,86,0,0,1300,3,1015,CHF
5140.0,78,82595.0,Petrol,86,1,0,1300,3,1015,CHF
6694.0,75,82256.0,Petrol,110,1,0,1600,3,1050,CHF
6950.0,77,82103.0,Petrol,86,1,0,1300,3,1015,EURO
7559.0,80,82021.0,Petrol,86,1,0,1300,5,1035,CHF
7731.0,71,82000.0,Petrol,110,1,0,1600,5,1075,CHF
6474.0,79,81988.0,Petrol,110,1,0,1600,5,1070,CHF
6694.0,76,81930.0,Petrol,110,0,0,1600,5,1070,CHF
6950.0,70,81663.0,Petrol,110,0,0,1600,3,1050,EURO
6902.0,77,80486.0,Petrol,110,1,0,1600,5,1070,CHF
6263.0,78,80000.0,Petrol,110,1,0,1600,4,1065,CHF
6900.0,69,79000.0,Petrol,86,0,0,1300,3,1015,EURO
7750.0,74,78894.0,Petrol,110,0,0,1600,5,1070,EURO
6263.0,78,78689.0,Petrol,110,0,0,1600,4,1035,CHF
7731.0,77,78435.0,Petrol,86,0,0,1300,3,1015,CHF
7343.0,71,78260.0,Petrol,110,0,0,1600,3,1050,CHF
6868.0,72,78120.0,Petrol,110,1,0,1600,5,1075,CHF
6004.0,77,77000.0,Petrol,86,0,0,1300,3,1015,CHF
6910.0,78,77000.0,Petrol,110,0,0,1600,3,1050,CHF
6868.0,75,76382.0,Petrol,110,1,0,1600,3,1055,CHF
7343.0,76,76268.0,Petrol,86,1,0,1300,3,1015,CHF
6470.0,73,76151.0,Petrol,86,1,0,1300,3,1015,CHF
8250.0,80,76000.0,Petrol,110,0,0,1600,3,1050,EURO
7990.0,71,76000.0,Petrol,110,1,0,1600,5,1070,CHF
6868.0,72,75840.0,Petrol,86,0,0,1300,5,1035,CHF
8207.0,77,75799.0,Petrol,110,1,0,1600,3,1050,CHF
7731.0,72,75525.0,Petrol,110,1,0,1600,3,1114,CHF
8450.0,78,75323.0,Petrol,86,1,0,1300,5,1050,EURO
6907.0,79,75322.0,Petrol,110,1,0,1600,4,1115,CHF
7559.0,78,75226.0,Petrol,110,0,0,1600,4,1035,CHF
5140.0,71,75085.0,Petrol,86,0,0,1300,5,1035,CHF
7343.0,73,75000.0,Petrol,110,0,0,1600,5,1075,CHF
8950.0,69,75000.0,Petrol,86,1,0,1300,4,1000,EURO
7559.0,69,75000.0,Petrol,86,1,0,1300,4,1000,CHF
6565.0,78,74926.0,Petrol,110,1,0,1600,5,1075,CHF
6172.0,80,74785.0,Petrol,110,1,0,1600,5,1070,CHF
7299.0,69,74573.0,Petrol,110,1,0,1600,5,1085,CHF
5140.0,75,74567.0,Petrol,86,1,0,1300,3,1015,CHF
7774.0,80,74196.0,Petrol,110,0,0,1600,5,1075,CHF
6263.0,80,74151.0,Petrol,110,1,0,1600,3,1050,CHF
6392.0,75,74096.0,Petrol,110,1,0,1600,3,1050,CHF
7602.0,79,74093.0,Petrol,110,1,0,1600,5,1075,CHF
6694.0,71,74000.0,Petrol,110,0,0,1600,3,1050,CHF
6479.0,75,74000.0,Petrol,86,1,0,1300,3,1015,CHF
7299.0,78,73638.0,Petrol,86,1,1,1300,4,1015,CHF
6392.0,75,73460.0,Petrol,110,1,0,1600,5,1070,CHF
6479.0,80,73200.0,Petrol,110,1,0,1600,5,1070,CHF
7731.0,76,73116.0,Petrol,110,1,0,1600,5,1075,CHF
7731.0,70,73014.0,Petrol,110,1,0,1600,5,1075,CHF
6868.0,77,72703.0,Petrol,110,1,0,1600,3,1050,CHF
6868.0,79,72328.0,Petrol,110,1,0,1600,5,1075,CHF
6868.0,78,72222.0,Petrol,110,1,0,1600,5,1070,CHF
8950.0,71,72128.0,Petrol,107,1,1,1600,5,1100,EURO
6694.0,78,72090.0,Petrol,110,1,0,1600,5,1070,CHF
7127.0,78,72000.0,Petrol,110,1,0,1600,4,1035,CHF
6868.0,78,72000.0,Petrol,110,0,0,1600,3,1055,CHF
6694.0,77,71900.0,Petrol,86,1,0,1300,3,1015,CHF
7343.0,77,71825.0,Petrol,110,0,0,1600,5,1075,CHF
6004.0,80,71740.0,Petrol,110,1,0,1600,5,1070,CHF
6479.0,80,71500.0,Petrol,110,1,0,1600,4,1035,CHF
6694.0,79,71359.0,Petrol,110,1,0,1600,3,1050,CHF
5140.0,79,71263.0,Petrol,86,0,0,1300,3,1015,CHF
"8,625.0",78,44214.90683229813,Petrol,110,0,0,1600,3,1050,GBP
7731.0,72,71054.0,Petrol,86,0,1,1300,3,1045,CHF
6868.0,76,71000.0,Petrol,110,1,0,1600,3,1050,CHF
5961.0,80,70939.0,Petrol,110,1,1,1600,5,1100,CHF
6435.0,77,70932.0,Petrol,110,1,0,1600,3,1050,CHF
7343.0,80,70597.0,Petrol,107,1,1,1600,3,1080,CHF
6479.0,73,70482.0,Petrol,110,1,0,1600,5,1075,CHF
7559.0,77,70124.0,Petrol,110,1,0,1600,3,1050,CHF
6479.0,76,70039.0,Petrol,110,1,0,1600,3,1050,CHF
8595.0,80,69904.0,Petrol,110,0,0,1600,5,1070,CHF
7950.0,75,69388.0,Petrol,86,0,0,1300,3,1010,EURO
8595.0,75,69320.0,Petrol,110,1,0,1600,5,1070,CHF
7990.0,78,69000.0,Petrol,110,1,0,1600,5,1075,CHF
7990.0,73,68988.0,Petrol,86,1,0,1300,5,1035,CHF
8595.0,79,68945.0,Petrol,110,1,0,1600,5,1085,CHF
5140.0,74,68285.0,Petrol,110,1,0,1600,3,1050,CHF
6907.0,76,68000.0,Petrol,110,1,0,1600,5,1075,CHF
7731.0,70,68000.0,Petrol,86,1,1,1300,3,1045,CHF
6435.0,75,67451.0,Petrol,86,1,0,1300,4,1000,CHF
7127.0,76,67266.0,Petrol,86,1,0,1300,5,1035,CHF
7343.0,78,67255.0,Petrol,110,0,0,1600,5,1085,CHF
7343.0,70,67100.0,Petrol,110,1,0,1600,5,1075,CHF
8120.0,69,67092.0,Diesel,72,1,0,2000,3,1115,CHF
6263.0,80,66880.0,Petrol,110,1,0,1600,3,1055,CHF
7731.0,79,66855.0,Petrol,110,1,0,1600,5,1075,CHF
8163.0,80,66843.0,Petrol,110,1,0,1600,5,1075,CHF
7343.0,74,66718.0,Petrol,110,1,0,1600,3,1050,CHF
5830.0,80,66168.0,Petrol,86,1,0,1300,3,1015,CHF
6392.0,80,65950.0,Petrol,110,0,0,1600,5,1070,CHF
7731.0,78,65500.0,Petrol,86,1,0,1300,3,1015,CHF
"6,855.15",80,40563.354037267076,Petrol,110,1,0,1600,3,1055,GBP
6694.0,79,65254.0,Petrol,86,1,0,1300,3,1015,CHF
8950.0,71,65021.0,Diesel,72,1,0,2000,3,1115,EURO
6004.0,75,65006.0,Petrol,86,1,0,1300,3,1015,CHF
7338.0,77,64280.0,Petrol,110,0,0,1600,4,1035,CHF
8638.0,75,64000.0,Petrol,107,0,1,1600,3,1085,CHF
6046.0,71,64000.0,Petrol,110,1,0,1600,5,1070,CHF
7731.0,80,64000.0,Petrol,110,0,0,1600,3,1055,CHF
7343.0,79,63918.0,Petrol,110,0,0,1600,4,1035,CHF
7559.0,75,63634.0,Petrol,110,1,0,1600,4,1035,CHF
6478.0,80,63500.0,Petrol,110,1,0,1600,3,1050,CHF
7774.0,80,63266.0,Petrol,110,1,0,1600,4,1035,CHF
7731.0,77,62595.0,Petrol,110,1,0,1600,3,1050,CHF
6004.0,80,62581.0,Petrol,110,0,0,1600,5,1075,CHF
8500.0,77,62285.0,Petrol,110,1,0,1600,5,1075,EURO
7299.0,77,61906.0,Petrol,86,1,1,1300,5,1065,CHF
7731.0,74,61700.0,Petrol,110,0,0,1600,5,1070,CHF
7127.0,77,61648.0,Petrol,110,1,0,1600,5,1070,CHF
6868.0,75,61626.0,Petrol,86,0,0,1300,5,1035,CHF
6435.0,70,61510.0,Petrol,110,0,0,1600,4,1035,CHF
7774.0,79,61165.0,Petrol,107,1,1,1600,3,1080,CHF
6176.0,70,61000.0,Petrol,110,1,0,1600,4,1035,CHF
6694.0,76,60833.0,Petrol,110,1,0,1600,4,1035,CHF
5050.0,70,60600.0,Petrol,86,0,0,1300,3,1060,CHF
8500.0,72,60483.0,Petrol,110,1,0,1600,5,1075,EURO
7127.0,80,60476.0,Petrol,110,1,0,1600,5,1114,CHF
"9,387.449999999999",79,37355.27950310559,Petrol,110,0,0,1600,3,1050,GBP
5830.0,69,60050.0,Petrol,110,1,0,1600,3,1050,CHF
7256.0,77,60000.0,Petrol,110,1,0,1600,3,1050,CHF
7900.0,76,60000.0,Petrol,110,0,0,1600,3,1050,EURO
7950.0,76,59815.0,Petrol,110,1,0,1587,3,1055,EURO
7559.0,80,59326.0,Petrol,110,1,0,1600,5,1085,CHF
8552.0,73,59240.0,Petrol,110,1,0,1600,3,1050,CHF
5610.0,71,59164.0,Petrol,110,0,0,1600,4,1035,CHF
7127.0,70,59017.0,Petrol,107,1,1,1600,3,1080,CHF
5961.0,69,58952.0,Petrol,110,1,0,1600,3,1050,CHF
7500.0,74,58454.0,Petrol,86,1,0,1300,3,1015,EURO
6868.0,75,58341.0,Petrol,86,1,1,1300,4,1030,CHF
7127.0,80,58267.0,Petrol,110,1,0,1600,5,1070,CHF
7731.0,80,58000.0,Petrol,110,0,0,1600,3,1055,CHF
"9,686.449999999999",70,35918.63354037267,Petrol,110,0,0,1600,3,1050,GBP
"4,089.9999",76,35987,Petrol,110,0,0,1600,3,1075,GBP
7127.0,80,ß7787.0,Petrol,86,0,0,1300,3,1015,CHF
7689.0,78,57628.0,Petrol,110,0,0,1600,5,1075,CHF
7731.0,75,57537.0,Petrol,86,1,0,1300,5,1050,CHF
5830.0,76,57263.0,Petrol,110,1,0,1600,3,1050,CHF
7950.0,75,57144.0,Petrol,110,1,0,1600,5,1070,EURO
7429.0,69,57096.0,Petrol,86,1,0,1300,3,1025,CHF
6694.0,80,57000.0,Petrol,86,0,0,1300,4,1000,CHF
6738.0,73,56566.0,Petrol,110,1,0,1600,3,1050,CHF
7559.0,73,56307.0,Petrol,110,1,0,1600,3,1050,CHF
8207.0,79,56214.0,Petrol,86,0,0,1300,3,1015,CHF
6694.0,74,56132.0,Petrol,110,0,0,1600,4,1035,CHF
8595.0,79,55425.0,Petrol,110,0,0,1600,5,1075,CHF
6694.0,77,54439.0,Petrol,86,1,0,1300,3,1015,CHF
5140.0,69,53809.0,Petrol,110,1,0,1600,3,1050,CHF
9459.0,76,53133.0,Petrol,110,1,0,1600,5,1070,CHF
8163.0,77,52900.0,Petrol,110,1,0,1600,4,1075,CHF
7127.0,80,52700.0,Petrol,110,0,0,1600,3,1050,CHF
8423.0,69,52320.0,Petrol,110,0,0,1600,5,1070,CHF
7450.0,78,52287.0,Petrol,110,0,0,1600,5,1114,EURO
7559.0,75,52000.0,Petrol,110,0,0,1600,5,1075,CHF
7559.0,69,52000.0,Petrol,110,1,0,1600,3,1050,CHF
7343.0,73,52000.0,Petrol,110,1,1,1600,4,1065,CHF
7731.0,70,51874.0,Petrol,86,0,0,1300,4,1000,CHF
6479.0,79,49827.0,Petrol,86,1,0,1300,5,1035,CHF
6263.0,69,49640.0,Petrol,110,1,0,1600,4,1035,CHF
6435.0,80,49580.0,Petrol,110,1,0,1600,4,1035,CHF
7559.0,76,49170.0,Petrol,86,0,0,1300,3,1045,CHF
8466.0,77,48838.0,Petrol,110,0,0,1600,3,1055,CHF
6479.0,71,48576.0,Petrol,86,1,0,1300,3,1015,CHF
7731.0,75,48400.0,Petrol,110,1,0,1600,5,1075,CHF
8950.0,74,48242.0,Petrol,86,1,0,1300,5,1035,EURO
6435.0,70,47955.0,Petrol,110,1,0,1600,5,1070,CHF
7731.0,71,47633.0,Petrol,110,1,0,1600,5,1075,CHF
9070.0,78,47400.0,Petrol,86,1,0,1300,5,1040,CHF
6047.0,73,47360.0,Petrol,86,0,0,1300,3,1010,CHF
7343.0,77,45507.0,Petrol,110,1,0,1600,3,1050,CHF
7750.0,76,45410.0,Petrol,86,1,0,1300,5,1035,EURO
7731.0,70,44850.0,Petrol,110,1,0,1600,3,1050,CHF
7127.0,69,44826.0,Petrol,110,0,0,1600,5,1075,CHF
7990.0,80,44444.0,Petrol,110,1,0,1600,3,1050,CHF
6825.0,75,43720.0,Petrol,110,1,0,1600,5,1070,CHF
8500.0,78,43622.0,Petrol,86,1,0,1300,4,1000,EURO
6868.0,76,43532.0,Petrol,110,0,0,1600,5,1070,CHF
8595.0,69,42800.0,Petrol,110,1,0,1600,3,1050,CHF
7559.0,74,42317.0,Petrol,107,1,1,1600,5,1100,CHF
6479.0,80,42186.0,Petrol,110,1,0,1600,3,1050,CHF
6004.0,72,42000.0,Petrol,110,1,0,1600,3,1050,CHF
7731.0,79,40093.0,Petrol,110,0,0,1600,5,1114,CHF
7559.0,79,39800.0,Petrol,107,0,1,1600,3,1080,CHF
6694.0,73,39168.0,Petrol,86,0,0,1300,3,1015,CHF
7299.0,75,38945.0,Petrol,110,1,0,1600,3,1050,CHF
7040.0,76,36537.0,Petrol,110,0,1,1600,4,1075,CHF
7343.0,78,36000.0,Petrol,86,0,1,1300,3,1045,CHF
6565.0,78,36000.0,Petrol,110,1,0,1600,3,1050,CHF
6868.0,80,35821.0,Petrol,86,0,1,1300,3,1015,CHF
6694.0,73,34717.0,Petrol,86,0,0,1300,3,1015,CHF
6868.0,80,34000.0,Petrol,86,1,0,1300,4,1000,CHF
8595.0,78,30964.0,Petrol,110,0,1,1600,3,1080,CHF
7731.0,71,29000.0,Petrol,86,1,1,1300,3,1045,CHF
7299.0,72,26000.0,Petrol,86,0,0,1300,3,1015,CHF
7731.0,78,24000.0,Petrol,86,1,1,1300,5,1065,CHF
7299.0,80,23000.0,Petrol,86,0,0,1300,3,1015,CHF
6479.0,69,20544.0,Petrol,86,1,0,1300,3,1025,CHF
9369.0,72,19000.0,Petrol,86,0,0,1300,3,1015,CHF
7343.0,71,17016.0,Petrol,86,0,0,1300,3,1015,CHF
6263.0,70,16916.0,Petrol,86,1,0,1300,3,1015,CHF
6004.0,76,1.0,Petrol,110,0,0,1600,5,1114,CHF
